item_id,order_id,product_id,quantity,unit_price,discount_percent
ITEM_000001,ORD_00001,PROD_005,5,197.01,20
ITEM_000002,ORD_00002,PROD_034,2,529.41,0
ITEM_000003,ORD_00002,PROD_013,2,504.63,5
ITEM_000004,ORD_00002,PROD_024,1,427.21,10
ITEM_000005,ORD_00002,PROD_033,3,247.21,0
ITEM_000006,ORD_00003,PROD_039,2,275.97,15
ITEM_000007,ORD_00004,PROD_017,3,453.14,0
ITEM_000008,ORD_00004,PROD_004,-3,110.3,20
ITEM_000009,ORD_00004,PROD_042,2,146.69,5
ITEM_000010,ORD_00005,PROD_050,4,580.78,0
ITEM_000011,ORD_00005,PROD_042,4,116.32,0
ITEM_000012,ORD_00005,PROD_020,2,431.95,10
ITEM_000013,ORD_00006,PROD_030,4,162.42,15
ITEM_000014,ORD_00006,PROD_040,3,247.33,0
ITEM_000015,ORD_00006,PROD_043,1,580.39,10
ITEM_000016,ORD_00006,PROD_039,5,180.37,0
ITEM_000017,ORD_00007,PROD_018,1,389.75,10
ITEM_000018,ORD_00007,PROD_042,3,189.79,5
ITEM_000019,ORD_00007,PROD_004,5,486.18,20
ITEM_000020,ORD_00007,PROD_044,4,96.86,0
ITEM_000021,ORD_00008,PROD_027,3,251.69,0
ITEM_000022,ORD_00008,PROD_037,5,492.37,10
ITEM_000023,ORD_00008,PROD_041,2,474.16,10
ITEM_000024,ORD_00008,PROD_011,5,506.77,20
ITEM_000025,ORD_00009,PROD_009,3,448.44,20
ITEM_000026,ORD_00009,PROD_022,2,397.84,5
ITEM_000027,ORD_00010,PROD_020,2,260.98,10
ITEM_000028,ORD_00010,PROD_019,3,286.3,0
ITEM_000029,ORD_00010,PROD_041,4,356.39,20
ITEM_000030,ORD_00011,PROD_033,4,85.09,15
ITEM_000031,ORD_00012,PROD_010,4,95.36,5
ITEM_000032,ORD_00012,PROD_037,3,537.31,15
ITEM_000033,ORD_00012,PROD_046,2,120.51,0
ITEM_000034,ORD_00013,PROD_012,3,198.35,0
ITEM_000035,ORD_00013,PROD_014,1,460.3,5
ITEM_000036,ORD_00013,PROD_032,5,474.35,0
ITEM_000037,ORD_00013,PROD_041,2,266.2,15
ITEM_000038,ORD_00014,PROD_035,-4,131.66,10
ITEM_000039,ORD_00014,PROD_049,1,502.44,5
ITEM_000040,ORD_00014,PROD_041,1,444.16,5
ITEM_000041,ORD_00014,PROD_007,3,239.38,20
ITEM_000042,ORD_00015,PROD_003,2,189.45,10
ITEM_000043,ORD_00015,PROD_039,4,321.61,15
ITEM_000044,ORD_00015,PROD_032,2,225.16,5
ITEM_000045,ORD_00016,PROD_015,-4,440.39,5
ITEM_000046,ORD_00016,PROD_038,2,310.21,0
ITEM_000047,ORD_00017,PROD_041,1,164.64,20
ITEM_000048,ORD_00017,PROD_004,5,402.25,0
ITEM_000049,ORD_00017,PROD_027,1,274.92,0
ITEM_000050,ORD_00018,PROD_014,4,421.69,0
ITEM_000051,ORD_00018,PROD_007,3,402.55,10
ITEM_000052,ORD_00018,PROD_009,5,260.01,0
ITEM_000053,ORD_00019,PROD_007,3,306.18,20
ITEM_000054,ORD_00020,PROD_013,3,224.38,15
ITEM_000055,ORD_00020,PROD_036,3,305.37,5
ITEM_000056,ORD_00021,PROD_001,3,407.91,0
ITEM_000057,ORD_00021,PROD_010,5,570.43,20
ITEM_000058,ORD_00021,PROD_007,1,544.3,5
ITEM_000059,ORD_00021,PROD_019,4,169.51,0
ITEM_000060,ORD_00022,PROD_019,2,225.73,10
ITEM_000061,ORD_00023,PROD_049,1,535.82,0
ITEM_000062,ORD_00023,PROD_011,2,207.27,15
ITEM_000063,ORD_00023,PROD_047,5,69.38,10
ITEM_000064,ORD_00023,PROD_026,2,577.95,10
ITEM_000065,ORD_00024,PROD_042,4,533.38,5
ITEM_000066,ORD_00024,PROD_047,1,49.31,5
ITEM_000067,ORD_00024,PROD_038,1,297.36,20
ITEM_000068,ORD_00024,PROD_025,4,470.81,20
ITEM_000069,ORD_00025,PROD_032,2,81.07,15
ITEM_000070,ORD_00026,PROD_042,1,198.83,20
ITEM_000071,ORD_00026,PROD_015,5,587.07,10
ITEM_000072,ORD_00026,PROD_045,5,376.67,15
ITEM_000073,ORD_00026,PROD_043,2,410.63,15
ITEM_000074,ORD_00027,PROD_040,5,46.92,5
ITEM_000075,ORD_00027,PROD_032,5,523.61,0
ITEM_000076,ORD_00028,PROD_018,3,44.46,5
ITEM_000077,ORD_00028,PROD_026,5,493.01,0
ITEM_000078,ORD_00028,PROD_037,4,277.14,15
ITEM_000079,ORD_00028,PROD_032,4,450.96,0
ITEM_000080,ORD_00029,PROD_036,4,336.22,0
ITEM_000081,ORD_00030,PROD_042,5,407.81,10
ITEM_000082,ORD_00030,PROD_015,3,508.93,10
ITEM_000083,ORD_00030,PROD_039,5,291.78,10
ITEM_000084,ORD_00031,PROD_043,1,144.72,10
ITEM_000085,ORD_00031,PROD_019,3,335.4,10
ITEM_000086,ORD_00031,PROD_011,1,303.07,15
ITEM_000087,ORD_00031,PROD_013,1,124.71,15
ITEM_000088,ORD_00032,PROD_013,4,434.32,0
ITEM_000089,ORD_00032,PROD_041,4,504.92,20
ITEM_000090,ORD_00033,PROD_038,4,574.37,5
ITEM_000091,ORD_00034,PROD_004,1,338.64,15
ITEM_000092,ORD_00034,PROD_033,5,471.93,5
ITEM_000093,ORD_00034,PROD_009,5,75.58,20
ITEM_000094,ORD_00034,PROD_033,5,530.61,15
ITEM_000095,ORD_00035,PROD_022,3,582.74,15
ITEM_000096,ORD_00035,PROD_039,2,424.51,20
ITEM_000097,ORD_00036,PROD_046,5,446.04,20
ITEM_000098,ORD_00036,PROD_040,2,432.91,10
ITEM_000099,ORD_00036,PROD_042,2,585.48,5
ITEM_000100,ORD_00037,PROD_036,1,296.02,20
ITEM_000101,ORD_00037,PROD_035,4,182.27,15
ITEM_000102,ORD_00037,PROD_002,1,237.81,0
ITEM_000103,ORD_00038,PROD_011,2,590.37,10
ITEM_000104,ORD_00039,PROD_019,1,134.34,20
ITEM_000105,ORD_00039,PROD_029,1,74.95,20
ITEM_000106,ORD_00040,PROD_033,5,473.82,10
ITEM_000107,ORD_00040,PROD_025,1,258.69,10
ITEM_000108,ORD_00041,PROD_013,1,378.03,15
ITEM_000109,ORD_00042,PROD_035,3,446.99,5
ITEM_000110,ORD_00042,PROD_012,2,590.32,0
ITEM_000111,ORD_00043,PROD_008,2,235.66,15
ITEM_000112,ORD_00043,PROD_009,3,109.14,10
ITEM_000113,ORD_00044,PROD_010,3,38.37,10
ITEM_000114,ORD_00045,PROD_020,5,301.97,20
ITEM_000115,ORD_00046,PROD_021,1,322.36,5
ITEM_000116,ORD_00046,PROD_033,5,108.23,20
ITEM_000117,ORD_00046,PROD_023,5,144.4,5
ITEM_000118,ORD_00047,PROD_014,3,570.93,20
ITEM_000119,ORD_00047,PROD_036,5,496.86,0
ITEM_000120,ORD_00047,PROD_029,1,155.6,20
ITEM_000121,ORD_00048,PROD_021,1,238.1,0
ITEM_000122,ORD_00048,PROD_047,4,180.45,20
ITEM_000123,ORD_00049,PROD_029,5,299.78,10
ITEM_000124,ORD_00049,PROD_006,2,569.7,5
ITEM_000125,ORD_00049,PROD_041,5,53.3,5
ITEM_000126,ORD_00050,PROD_045,1,529.0,15
ITEM_000127,ORD_00050,PROD_010,1,28.9,10
ITEM_000128,ORD_00050,PROD_004,1,119.13,10
ITEM_000129,ORD_00050,PROD_015,5,547.93,15
ITEM_000130,ORD_00051,PROD_028,4,200.1,15
ITEM_000131,ORD_00051,PROD_042,1,436.37,0
ITEM_000132,ORD_00051,PROD_005,5,224.25,20
ITEM_000133,ORD_00051,PROD_044,1,191.29,0
ITEM_000134,ORD_00052,PROD_043,4,33.03,5
ITEM_000135,ORD_00052,PROD_048,5,243.73,20
ITEM_000136,ORD_00052,PROD_010,3,189.36,10
ITEM_000137,ORD_00053,PROD_010,5,87.09,0
ITEM_000138,ORD_00054,PROD_006,5,193.24,10
ITEM_000139,ORD_00054,PROD_042,2,513.1,5
ITEM_000140,ORD_00054,PROD_040,2,503.33,5
ITEM_000141,ORD_00054,PROD_037,1,513.57,20
ITEM_000142,ORD_00055,PROD_043,5,54.41,0
ITEM_000143,ORD_00055,PROD_032,2,571.65,10
ITEM_000144,ORD_00055,PROD_016,2,73.53,20
ITEM_000145,ORD_00055,PROD_021,1,299.23,10
ITEM_000146,ORD_00056,PROD_037,5,228.23,10
ITEM_000147,ORD_00056,PROD_021,4,159.01,5
ITEM_000148,ORD_00056,PROD_024,4,93.57,10
ITEM_000149,ORD_00057,PROD_050,4,193.7,20
ITEM_000150,ORD_00057,PROD_039,1,62.95,10
ITEM_000151,ORD_00057,PROD_013,2,168.99,0
ITEM_000152,ORD_00057,PROD_033,1,384.5,20
ITEM_000153,ORD_00058,PROD_003,5,337.68,20
ITEM_000154,ORD_00058,PROD_050,5,101.95,15
ITEM_000155,ORD_00058,PROD_038,2,443.94,10
ITEM_000156,ORD_00058,PROD_033,2,67.97,10
ITEM_000157,ORD_00059,PROD_040,2,415.23,20
ITEM_000158,ORD_00060,PROD_037,4,570.0,5
ITEM_000159,ORD_00060,PROD_003,4,143.01,15
ITEM_000160,ORD_00061,PROD_015,1,40.04,5
ITEM_000161,ORD_00061,PROD_024,5,242.03,15
ITEM_000162,ORD_00062,PROD_021,1,75.39,20
ITEM_000163,ORD_00063,PROD_037,3,116.7,15
ITEM_000164,ORD_00063,PROD_005,3,317.25,15
ITEM_000165,ORD_00063,PROD_023,2,493.08,10
ITEM_000166,ORD_00064,PROD_001,4,308.57,5
ITEM_000167,ORD_00064,PROD_005,4,316.01,10
ITEM_000168,ORD_00064,PROD_011,2,226.9,0
ITEM_000169,ORD_00064,PROD_022,2,436.35,15
ITEM_000170,ORD_00065,PROD_011,4,393.65,15
ITEM_000171,ORD_00065,PROD_009,1,350.49,5
ITEM_000172,ORD_00065,PROD_003,2,536.12,5
ITEM_000173,ORD_00065,PROD_012,1,317.23,15
ITEM_000174,ORD_00066,PROD_014,3,277.78,15
ITEM_000175,ORD_00067,PROD_027,2,366.49,20
ITEM_000176,ORD_00067,PROD_033,2,169.74,10
ITEM_000177,ORD_00067,PROD_005,4,149.44,15
ITEM_000178,ORD_00067,PROD_013,2,320.79,20
ITEM_000179,ORD_00068,PROD_012,2,293.38,20
ITEM_000180,ORD_00068,PROD_035,5,309.45,0
ITEM_000181,ORD_00068,PROD_009,1,542.66,20
ITEM_000182,ORD_00068,PROD_050,1,411.96,15
ITEM_000183,ORD_00069,PROD_045,3,324.94,5
ITEM_000184,ORD_00069,PROD_025,4,220.05,20
ITEM_000185,ORD_00069,PROD_017,1,294.13,5
ITEM_000186,ORD_00069,PROD_035,1,254.06,5
ITEM_000187,ORD_00070,PROD_008,1,319.06,15
ITEM_000188,ORD_00071,PROD_007,3,105.55,20
ITEM_000189,ORD_00071,PROD_035,3,262.78,10
ITEM_000190,ORD_00072,PROD_027,4,337.98,20
ITEM_000191,ORD_00072,PROD_036,4,339.62,10
ITEM_000192,ORD_00072,PROD_050,3,427.71,5
ITEM_000193,ORD_00073,PROD_045,2,570.31,0
ITEM_000194,ORD_00074,PROD_022,5,483.5,20
ITEM_000195,ORD_00074,PROD_041,1,18.1,0
ITEM_000196,ORD_00075,PROD_028,4,66.56,10
ITEM_000197,ORD_00075,PROD_039,2,37.09,15
ITEM_000198,ORD_00076,PROD_019,5,431.29,20
ITEM_000199,ORD_00076,PROD_012,1,389.57,15
ITEM_000200,ORD_00076,PROD_043,1,559.49,20
ITEM_000201,ORD_00076,PROD_039,3,313.67,5
ITEM_000202,ORD_00077,PROD_042,1,15.17,5
ITEM_000203,ORD_00077,PROD_050,1,248.67,15
ITEM_000204,ORD_00078,PROD_001,5,446.1,0
ITEM_000205,ORD_00078,PROD_047,1,500.41,20
ITEM_000206,ORD_00078,PROD_018,3,147.38,5
ITEM_000207,ORD_00078,PROD_037,4,17.72,5
ITEM_000208,ORD_00079,PROD_005,5,309.35,10
ITEM_000209,ORD_00079,PROD_017,1,527.53,20
ITEM_000210,ORD_00079,PROD_025,3,344.45,5
ITEM_000211,ORD_00079,PROD_030,3,413.73,20
ITEM_000212,ORD_00080,PROD_005,4,238.86,5
ITEM_000213,ORD_00081,PROD_023,3,317.15,0
ITEM_000214,ORD_00081,PROD_006,3,248.37,10
ITEM_000215,ORD_00082,PROD_031,5,198.62,5
ITEM_000216,ORD_00083,PROD_044,2,559.2,5
ITEM_000217,ORD_00083,PROD_016,4,445.23,10
ITEM_000218,ORD_00083,PROD_016,2,504.26,10
ITEM_000219,ORD_00084,PROD_006,1,410.35,15
ITEM_000220,ORD_00084,PROD_035,-5,575.43,15
ITEM_000221,ORD_00085,PROD_037,5,523.23,15
ITEM_000222,ORD_00085,PROD_033,2,178.96,5
ITEM_000223,ORD_00085,PROD_034,5,482.57,15
ITEM_000224,ORD_00086,PROD_044,5,468.9,15
ITEM_000225,ORD_00087,PROD_045,5,19.92,5
ITEM_000226,ORD_00088,PROD_024,5,373.48,10
ITEM_000227,ORD_00088,PROD_016,2,172.6,20
ITEM_000228,ORD_00088,PROD_032,3,263.01,15
ITEM_000229,ORD_00088,PROD_026,3,178.58,5
ITEM_000230,ORD_00089,PROD_007,5,436.68,5
ITEM_000231,ORD_00089,PROD_025,5,129.7,5
ITEM_000232,ORD_00090,PROD_032,1,93.67,20
ITEM_000233,ORD_00090,PROD_032,5,190.52,20
ITEM_000234,ORD_00090,PROD_007,5,418.97,0
ITEM_000235,ORD_00090,PROD_031,2,505.8,0
ITEM_000236,ORD_00091,PROD_024,3,342.8,10
ITEM_000237,ORD_00091,PROD_008,-3,220.39,20
ITEM_000238,ORD_00091,PROD_042,2,394.74,5
ITEM_000239,ORD_00091,PROD_044,3,313.61,15
ITEM_000240,ORD_00092,PROD_030,4,384.55,5
ITEM_000241,ORD_00093,PROD_040,3,349.41,0
ITEM_000242,ORD_00093,PROD_015,1,198.39,10
ITEM_000243,ORD_00094,PROD_018,5,534.3,10
ITEM_000244,ORD_00094,PROD_029,5,257.18,5
ITEM_000245,ORD_00094,PROD_016,1,402.28,0
ITEM_000246,ORD_00095,PROD_007,2,52.32,15
ITEM_000247,ORD_00095,PROD_050,5,247.25,0
ITEM_000248,ORD_00096,PROD_006,3,398.08,15
ITEM_000249,ORD_00097,PROD_019,2,274.25,5
ITEM_000250,ORD_00097,PROD_011,2,31.71,10
ITEM_000251,ORD_00097,PROD_030,3,585.36,20
ITEM_000252,ORD_00098,PROD_045,5,330.48,20
ITEM_000253,ORD_00098,PROD_048,5,386.97,20
ITEM_000254,ORD_00098,PROD_041,4,327.26,10
ITEM_000255,ORD_00099,PROD_006,5,273.49,10
ITEM_000256,ORD_00099,PROD_020,4,21.18,20
ITEM_000257,ORD_00099,PROD_031,2,328.03,15
ITEM_000258,ORD_00099,PROD_050,4,266.8,10
ITEM_000259,ORD_00100,PROD_013,1,255.87,20
ITEM_000260,ORD_00100,PROD_011,4,433.24,15
ITEM_000261,ORD_00101,PROD_028,2,380.81,20
ITEM_000262,ORD_00101,PROD_044,5,174.04,20
ITEM_000263,ORD_00101,PROD_005,3,121.71,10
ITEM_000264,ORD_00101,PROD_040,1,279.87,20
ITEM_000265,ORD_00102,PROD_010,2,44.03,20
ITEM_000266,ORD_00102,PROD_007,1,180.04,5
ITEM_000267,ORD_00102,PROD_015,4,67.77,0
ITEM_000268,ORD_00102,PROD_027,4,197.27,15
ITEM_000269,ORD_00103,PROD_003,4,208.2,5
ITEM_000270,ORD_00103,PROD_026,1,56.76,15
ITEM_000271,ORD_00103,PROD_017,2,493.09,0
ITEM_000272,ORD_00104,PROD_029,2,159.59,0
ITEM_000273,ORD_00105,PROD_007,4,319.87,5
ITEM_000274,ORD_00105,PROD_020,4,562.69,5
ITEM_000275,ORD_00106,PROD_017,5,296.52,10
ITEM_000276,ORD_00107,PROD_043,3,142.41,0
ITEM_000277,ORD_00107,PROD_021,2,23.81,10
ITEM_000278,ORD_00108,PROD_001,4,581.77,20
ITEM_000279,ORD_00109,PROD_050,5,67.35,5
ITEM_000280,ORD_00109,PROD_040,4,212.98,0
ITEM_000281,ORD_00109,PROD_010,1,425.28,0
ITEM_000282,ORD_00109,PROD_021,2,589.28,10
ITEM_000283,ORD_00110,PROD_025,-2,224.53,5
ITEM_000284,ORD_00110,PROD_032,3,428.38,20
ITEM_000285,ORD_00110,PROD_032,3,126.02,5
ITEM_000286,ORD_00110,PROD_047,5,289.01,20
ITEM_000287,ORD_00111,PROD_029,1,187.97,10
ITEM_000288,ORD_00111,PROD_001,5,468.91,20
ITEM_000289,ORD_00112,PROD_040,2,516.25,20
ITEM_000290,ORD_00112,PROD_005,2,400.1,20
ITEM_000291,ORD_00112,PROD_044,4,306.07,20
ITEM_000292,ORD_00112,PROD_021,2,254.74,10
ITEM_000293,ORD_00113,PROD_005,1,40.61,5
ITEM_000294,ORD_00114,PROD_032,1,127.1,0
ITEM_000295,ORD_00114,PROD_025,5,399.88,20
ITEM_000296,ORD_00115,PROD_039,1,434.94,0
ITEM_000297,ORD_00115,PROD_006,2,288.81,0
ITEM_000298,ORD_00115,PROD_027,3,495.89,0
ITEM_000299,ORD_00116,PROD_005,5,503.16,0
ITEM_000300,ORD_00116,PROD_007,2,74.22,5
ITEM_000301,ORD_00116,PROD_013,5,322.82,5
ITEM_000302,ORD_00117,PROD_027,5,451.47,20
ITEM_000303,ORD_00117,PROD_045,3,404.17,0
ITEM_000304,ORD_00118,PROD_033,2,212.45,5
ITEM_000305,ORD_00118,PROD_029,5,561.11,10
ITEM_000306,ORD_00119,PROD_041,3,266.89,10
ITEM_000307,ORD_00119,PROD_035,5,140.15,20
ITEM_000308,ORD_00119,PROD_029,3,276.79,15
ITEM_000309,ORD_00120,PROD_039,1,24.54,5
ITEM_000310,ORD_00121,PROD_015,1,140.67,10
ITEM_000311,ORD_00121,PROD_045,1,496.07,20
ITEM_000312,ORD_00121,PROD_037,5,105.51,0
ITEM_000313,ORD_00122,PROD_017,3,229.74,20
ITEM_000314,ORD_00122,PROD_020,2,68.76,15
ITEM_000315,ORD_00122,PROD_047,5,60.16,10
ITEM_000316,ORD_00122,PROD_045,4,426.17,0
ITEM_000317,ORD_00123,PROD_037,1,238.2,0
ITEM_000318,ORD_00123,PROD_028,3,258.67,0
ITEM_000319,ORD_00123,PROD_039,2,558.26,15
ITEM_000320,ORD_00124,PROD_021,3,330.86,5
ITEM_000321,ORD_00125,PROD_010,5,44.55,15
ITEM_000322,ORD_00125,PROD_037,4,310.27,5
ITEM_000323,ORD_00125,PROD_026,4,101.59,10
ITEM_000324,ORD_00126,PROD_004,4,335.67,10
ITEM_000325,ORD_00127,PROD_050,4,423.25,5
ITEM_000326,ORD_00128,PROD_026,5,396.57,5
ITEM_000327,ORD_00128,PROD_048,5,321.68,5
ITEM_000328,ORD_00128,PROD_028,1,204.2,20
ITEM_000329,ORD_00128,PROD_027,1,262.77,10
ITEM_000330,ORD_00129,PROD_042,3,29.16,10
ITEM_000331,ORD_00129,PROD_040,2,495.63,15
ITEM_000332,ORD_00130,PROD_015,4,131.82,10
ITEM_000333,ORD_00130,PROD_006,2,80.74,0
ITEM_000334,ORD_00131,PROD_019,5,23.03,0
ITEM_000335,ORD_00131,PROD_002,3,209.15,20
ITEM_000336,ORD_00132,PROD_049,2,166.31,15
ITEM_000337,ORD_00132,PROD_010,5,421.62,0
ITEM_000338,ORD_00133,PROD_034,5,40.44,5
ITEM_000339,ORD_00133,PROD_045,1,376.51,0
ITEM_000340,ORD_00133,PROD_001,4,53.96,10
ITEM_000341,ORD_00133,PROD_002,3,186.11,15
ITEM_000342,ORD_00134,PROD_046,4,73.27,10
ITEM_000343,ORD_00134,PROD_035,4,66.49,5
ITEM_000344,ORD_00135,PROD_002,5,38.26,20
ITEM_000345,ORD_00135,PROD_026,3,450.47,0
ITEM_000346,ORD_00135,PROD_023,3,380.76,5
ITEM_000347,ORD_00135,PROD_004,5,381.09,15
ITEM_000348,ORD_00136,PROD_015,5,103.75,15
ITEM_000349,ORD_00137,PROD_034,1,576.95,20
ITEM_000350,ORD_00137,PROD_037,2,104.36,10
ITEM_000351,ORD_00138,PROD_014,4,396.7,20
ITEM_000352,ORD_00138,PROD_013,5,519.61,10
ITEM_000353,ORD_00138,PROD_028,5,597.48,5
ITEM_000354,ORD_00139,PROD_035,3,569.93,0
ITEM_000355,ORD_00139,PROD_010,2,440.34,10
ITEM_000356,ORD_00140,PROD_048,4,561.25,10
ITEM_000357,ORD_00140,PROD_007,2,91.95,0
ITEM_000358,ORD_00140,PROD_039,5,346.72,5
ITEM_000359,ORD_00140,PROD_044,5,30.26,0
ITEM_000360,ORD_00141,PROD_039,2,289.23,10
ITEM_000361,ORD_00141,PROD_032,2,292.2,5
ITEM_000362,ORD_00141,PROD_027,2,462.26,0
ITEM_000363,ORD_00141,PROD_015,3,449.28,5
ITEM_000364,ORD_00142,PROD_029,1,522.27,15
ITEM_000365,ORD_00142,PROD_016,3,265.12,0
ITEM_000366,ORD_00143,PROD_048,3,349.58,20
ITEM_000367,ORD_00143,PROD_046,5,475.35,20
ITEM_000368,ORD_00143,PROD_003,1,528.5,5
ITEM_000369,ORD_00143,PROD_048,5,37.96,15
ITEM_000370,ORD_00144,PROD_026,2,532.37,10
ITEM_000371,ORD_00145,PROD_040,2,552.63,20
ITEM_000372,ORD_00145,PROD_042,2,279.24,20
ITEM_000373,ORD_00145,PROD_038,1,563.64,20
ITEM_000374,ORD_00145,PROD_021,2,278.77,5
ITEM_000375,ORD_00146,PROD_013,5,531.29,0
ITEM_000376,ORD_00146,PROD_042,3,545.69,5
ITEM_000377,ORD_00146,PROD_046,1,277.9,10
ITEM_000378,ORD_00146,PROD_025,1,440.22,20
ITEM_000379,ORD_00147,PROD_003,4,464.43,10
ITEM_000380,ORD_00147,PROD_010,5,109.84,5
ITEM_000381,ORD_00148,PROD_020,1,442.14,15
ITEM_000382,ORD_00148,PROD_008,3,540.65,5
ITEM_000383,ORD_00149,PROD_001,5,283.31,15
ITEM_000384,ORD_00150,PROD_016,5,141.87,15
ITEM_000385,ORD_00151,PROD_039,4,366.06,5
ITEM_000386,ORD_00151,PROD_041,5,341.17,5
ITEM_000387,ORD_00151,PROD_004,1,397.17,0
ITEM_000388,ORD_00151,PROD_043,2,353.18,20
ITEM_000389,ORD_00152,PROD_004,3,78.7,5
ITEM_000390,ORD_00152,PROD_040,2,401.64,20
ITEM_000391,ORD_00152,PROD_012,5,580.28,20
ITEM_000392,ORD_00153,PROD_020,1,203.85,15
ITEM_000393,ORD_00153,PROD_036,1,52.98,15
ITEM_000394,ORD_00153,PROD_018,2,207.59,15
ITEM_000395,ORD_00154,PROD_007,2,349.25,20
ITEM_000396,ORD_00154,PROD_045,1,368.8,10
ITEM_000397,ORD_00155,PROD_017,5,322.35,20
ITEM_000398,ORD_00155,PROD_040,3,344.14,20
ITEM_000399,ORD_00155,PROD_012,4,531.94,5
ITEM_000400,ORD_00155,PROD_001,3,84.15,15
ITEM_000401,ORD_00156,PROD_027,2,257.21,10
ITEM_000402,ORD_00157,PROD_014,5,21.61,5
ITEM_000403,ORD_00157,PROD_005,3,195.05,20
ITEM_000404,ORD_00157,PROD_001,5,81.59,10
ITEM_000405,ORD_00158,PROD_040,4,576.67,5
ITEM_000406,ORD_00158,PROD_022,2,554.53,15
ITEM_000407,ORD_00158,PROD_042,4,94.42,5
ITEM_000408,ORD_00159,PROD_030,5,473.63,15
ITEM_000409,ORD_00159,PROD_020,1,345.49,10
ITEM_000410,ORD_00159,PROD_014,5,352.78,10
ITEM_000411,ORD_00159,PROD_010,3,179.07,0
ITEM_000412,ORD_00160,PROD_011,4,349.02,15
ITEM_000413,ORD_00160,PROD_049,2,195.34,10
ITEM_000414,ORD_00160,PROD_006,1,305.78,5
ITEM_000415,ORD_00161,PROD_020,4,141.44,10
ITEM_000416,ORD_00161,PROD_003,2,470.01,0
ITEM_000417,ORD_00161,PROD_031,4,544.4,5
ITEM_000418,ORD_00162,PROD_047,3,526.22,10
ITEM_000419,ORD_00162,PROD_007,3,495.95,20
ITEM_000420,ORD_00163,PROD_030,2,241.74,20
ITEM_000421,ORD_00163,PROD_003,-1,416.93,20
ITEM_000422,ORD_00164,PROD_003,3,75.32,10
ITEM_000423,ORD_00165,PROD_041,5,536.9,10
ITEM_000424,ORD_00166,PROD_035,2,201.7,15
ITEM_000425,ORD_00166,PROD_011,1,175.08,0
ITEM_000426,ORD_00167,PROD_036,2,201.31,5
ITEM_000427,ORD_00168,PROD_005,5,197.16,10
ITEM_000428,ORD_00168,PROD_009,5,31.96,0
ITEM_000429,ORD_00168,PROD_006,1,264.48,5
ITEM_000430,ORD_00169,PROD_022,5,493.2,20
ITEM_000431,ORD_00169,PROD_049,1,462.19,20
ITEM_000432,ORD_00169,PROD_045,2,288.94,15
ITEM_000433,ORD_00169,PROD_046,3,463.4,15
ITEM_000434,ORD_00170,PROD_040,2,165.96,10
ITEM_000435,ORD_00170,PROD_043,4,208.24,10
ITEM_000436,ORD_00171,PROD_031,4,81.04,15
ITEM_000437,ORD_00171,PROD_019,4,464.25,20
ITEM_000438,ORD_00171,PROD_007,5,252.33,0
ITEM_000439,ORD_00171,PROD_005,3,478.57,20
ITEM_000440,ORD_00172,PROD_016,4,378.21,20
ITEM_000441,ORD_00172,PROD_025,2,53.65,5
ITEM_000442,ORD_00172,PROD_028,5,346.82,10
ITEM_000443,ORD_00172,PROD_012,5,402.63,0
ITEM_000444,ORD_00173,PROD_030,1,205.35,0
ITEM_000445,ORD_00173,PROD_026,4,55.72,0
ITEM_000446,ORD_00173,PROD_025,5,206.53,0
ITEM_000447,ORD_00173,PROD_009,1,534.05,0
ITEM_000448,ORD_00174,PROD_019,2,243.14,20
ITEM_000449,ORD_00174,PROD_044,4,528.29,10
ITEM_000450,ORD_00175,PROD_023,4,594.32,20
ITEM_000451,ORD_00175,PROD_033,1,251.46,5
ITEM_000452,ORD_00175,PROD_036,3,581.22,0
ITEM_000453,ORD_00176,PROD_002,1,152.62,20
ITEM_000454,ORD_00176,PROD_046,4,238.93,15
ITEM_000455,ORD_00176,PROD_043,4,116.44,5
ITEM_000456,ORD_00177,PROD_024,5,506.38,5
ITEM_000457,ORD_00177,PROD_043,3,88.45,0
ITEM_000458,ORD_00178,PROD_032,1,399.89,5
ITEM_000459,ORD_00179,PROD_027,2,518.19,20
ITEM_000460,ORD_00180,PROD_033,5,263.11,15
ITEM_000461,ORD_00180,PROD_012,4,263.49,0
ITEM_000462,ORD_00180,PROD_047,5,153.5,20
ITEM_000463,ORD_00180,PROD_035,3,352.17,0
ITEM_000464,ORD_00181,PROD_024,5,81.2,15
ITEM_000465,ORD_00182,PROD_034,2,590.39,10
ITEM_000466,ORD_00183,PROD_040,5,66.74,15
ITEM_000467,ORD_00183,PROD_035,1,481.89,10
ITEM_000468,ORD_00183,PROD_022,5,327.99,0
ITEM_000469,ORD_00183,PROD_031,4,350.77,10
ITEM_000470,ORD_00184,PROD_019,3,184.19,0
ITEM_000471,ORD_00184,PROD_047,5,474.24,10
ITEM_000472,ORD_00184,PROD_038,1,113.91,0
ITEM_000473,ORD_00184,PROD_040,3,30.97,15
ITEM_000474,ORD_00185,PROD_018,2,162.45,20
ITEM_000475,ORD_00186,PROD_001,3,448.74,20
ITEM_000476,ORD_00186,PROD_048,2,103.41,15
ITEM_000477,ORD_00186,PROD_017,3,472.78,5
ITEM_000478,ORD_00187,PROD_003,2,215.57,0
ITEM_000479,ORD_00187,PROD_010,2,505.0,15
ITEM_000480,ORD_00187,PROD_029,4,439.71,5
ITEM_000481,ORD_00187,PROD_023,2,46.78,10
ITEM_000482,ORD_00188,PROD_026,1,293.6,15
ITEM_000483,ORD_00189,PROD_025,4,292.63,5
ITEM_000484,ORD_00189,PROD_001,5,183.94,15
ITEM_000485,ORD_00190,PROD_044,3,574.18,0
ITEM_000486,ORD_00190,PROD_028,5,372.13,10
ITEM_000487,ORD_00190,PROD_007,3,164.38,20
ITEM_000488,ORD_00190,PROD_044,4,453.22,20
ITEM_000489,ORD_00191,PROD_045,5,596.03,10
ITEM_000490,ORD_00191,PROD_001,-5,501.54,0
ITEM_000491,ORD_00192,PROD_044,1,275.88,5
ITEM_000492,ORD_00192,PROD_003,3,28.86,0
ITEM_000493,ORD_00192,PROD_043,1,537.97,5
ITEM_000494,ORD_00192,PROD_046,5,575.31,0
ITEM_000495,ORD_00193,PROD_042,4,346.15,5
ITEM_000496,ORD_00193,PROD_017,1,187.32,0
ITEM_000497,ORD_00194,PROD_045,3,543.48,10
ITEM_000498,ORD_00194,PROD_005,3,177.21,0
ITEM_000499,ORD_00194,PROD_004,4,166.07,10
ITEM_000500,ORD_00194,PROD_032,2,587.96,5
ITEM_000501,ORD_00195,PROD_007,2,99.17,15
ITEM_000502,ORD_00195,PROD_007,2,548.88,10
ITEM_000503,ORD_00195,PROD_005,1,349.24,10
ITEM_000504,ORD_00195,PROD_032,-4,102.08,0
ITEM_000505,ORD_00196,PROD_045,4,207.95,15
ITEM_000506,ORD_00197,PROD_050,5,302.05,15
ITEM_000507,ORD_00198,PROD_001,1,239.89,15
ITEM_000508,ORD_00198,PROD_023,1,210.06,10
ITEM_000509,ORD_00198,PROD_042,4,68.04,20
ITEM_000510,ORD_00198,PROD_030,3,459.87,10
ITEM_000511,ORD_00199,PROD_025,2,401.53,10
ITEM_000512,ORD_00199,PROD_041,4,417.97,15
ITEM_000513,ORD_00200,PROD_009,4,35.88,0
ITEM_000514,ORD_00201,PROD_035,4,391.39,15
ITEM_000515,ORD_00201,PROD_029,5,580.45,0
ITEM_000516,ORD_00202,PROD_047,3,40.05,0
ITEM_000517,ORD_00203,PROD_044,5,524.07,20
ITEM_000518,ORD_00203,PROD_015,2,556.02,0
ITEM_000519,ORD_00204,PROD_031,4,545.7,20
ITEM_000520,ORD_00204,PROD_042,1,91.36,5
ITEM_000521,ORD_00205,PROD_007,3,281.87,5
ITEM_000522,ORD_00206,PROD_039,1,482.52,5
ITEM_000523,ORD_00207,PROD_048,2,411.86,10
ITEM_000524,ORD_00208,PROD_021,5,504.31,5
ITEM_000525,ORD_00209,PROD_005,5,85.64,5
ITEM_000526,ORD_00210,PROD_036,2,111.53,5
ITEM_000527,ORD_00210,PROD_007,5,477.77,20
ITEM_000528,ORD_00210,PROD_002,4,529.58,0
ITEM_000529,ORD_00210,PROD_006,-1,428.44,20
ITEM_000530,ORD_00211,PROD_050,4,293.47,5
ITEM_000531,ORD_00211,PROD_018,2,321.01,15
ITEM_000532,ORD_00211,PROD_040,2,419.63,20
ITEM_000533,ORD_00212,PROD_006,4,381.91,10
ITEM_000534,ORD_00212,PROD_036,3,152.85,0
ITEM_000535,ORD_00213,PROD_049,5,592.27,20
ITEM_000536,ORD_00214,PROD_043,4,136.74,0
ITEM_000537,ORD_00214,PROD_010,2,415.87,15
ITEM_000538,ORD_00215,PROD_003,2,46.61,10
ITEM_000539,ORD_00215,PROD_017,3,210.56,15
ITEM_000540,ORD_00215,PROD_004,1,556.04,5
ITEM_000541,ORD_00215,PROD_032,2,316.22,0
ITEM_000542,ORD_00216,PROD_021,4,260.15,10
ITEM_000543,ORD_00216,PROD_021,2,148.25,5
ITEM_000544,ORD_00217,PROD_015,2,58.01,20
ITEM_000545,ORD_00217,PROD_028,4,99.79,20
ITEM_000546,ORD_00217,PROD_024,4,94.8,5
ITEM_000547,ORD_00217,PROD_013,3,211.5,0
ITEM_000548,ORD_00218,PROD_030,3,283.27,5
ITEM_000549,ORD_00219,PROD_039,2,106.72,20
ITEM_000550,ORD_00219,PROD_036,2,515.18,0
ITEM_000551,ORD_00219,PROD_032,4,519.39,5
ITEM_000552,ORD_00220,PROD_047,4,265.44,5
ITEM_000553,ORD_00220,PROD_038,2,145.11,20
ITEM_000554,ORD_00220,PROD_001,2,259.4,0
ITEM_000555,ORD_00220,PROD_047,1,464.63,0
ITEM_000556,ORD_00221,PROD_045,5,495.46,15
ITEM_000557,ORD_00221,PROD_036,4,455.55,15
ITEM_000558,ORD_00221,PROD_019,2,154.85,0
ITEM_000559,ORD_00221,PROD_020,1,109.65,15
ITEM_000560,ORD_00222,PROD_009,4,526.41,15
ITEM_000561,ORD_00223,PROD_046,3,385.54,0
ITEM_000562,ORD_00223,PROD_022,4,325.59,10
ITEM_000563,ORD_00224,PROD_040,3,332.32,5
ITEM_000564,ORD_00224,PROD_022,1,445.42,0
ITEM_000565,ORD_00224,PROD_044,5,227.93,0
ITEM_000566,ORD_00224,PROD_030,1,377.19,10
ITEM_000567,ORD_00225,PROD_046,2,54.2,5
ITEM_000568,ORD_00225,PROD_016,2,330.69,15
ITEM_000569,ORD_00225,PROD_045,5,137.73,5
ITEM_000570,ORD_00226,PROD_033,3,412.93,10
ITEM_000571,ORD_00226,PROD_023,1,279.66,20
ITEM_000572,ORD_00226,PROD_031,5,430.25,20
ITEM_000573,ORD_00227,PROD_044,4,568.04,0
ITEM_000574,ORD_00227,PROD_030,2,66.08,15
ITEM_000575,ORD_00227,PROD_005,2,78.98,10
ITEM_000576,ORD_00228,PROD_014,2,319.6,0
ITEM_000577,ORD_00229,PROD_035,4,560.06,15
ITEM_000578,ORD_00229,PROD_048,3,392.14,10
ITEM_000579,ORD_00229,PROD_015,2,503.44,20
ITEM_000580,ORD_00230,PROD_042,4,392.94,10
ITEM_000581,ORD_00230,PROD_045,4,325.15,20
ITEM_000582,ORD_00230,PROD_037,4,92.19,10
ITEM_000583,ORD_00231,PROD_024,3,582.87,0
ITEM_000584,ORD_00231,PROD_030,2,574.39,20
ITEM_000585,ORD_00232,PROD_012,5,506.01,5
ITEM_000586,ORD_00232,PROD_003,2,596.36,20
ITEM_000587,ORD_00233,PROD_012,4,135.02,0
ITEM_000588,ORD_00233,PROD_010,3,233.16,20
ITEM_000589,ORD_00234,PROD_002,5,251.67,15
ITEM_000590,ORD_00234,PROD_021,2,106.29,20
ITEM_000591,ORD_00235,PROD_019,3,582.22,20
ITEM_000592,ORD_00235,PROD_047,2,545.53,15
ITEM_000593,ORD_00235,PROD_047,3,295.2,0
ITEM_000594,ORD_00236,PROD_002,5,249.95,5
ITEM_000595,ORD_00236,PROD_021,4,47.19,5
ITEM_000596,ORD_00237,PROD_006,3,329.97,15
ITEM_000597,ORD_00237,PROD_026,1,128.75,10
ITEM_000598,ORD_00238,PROD_046,3,514.48,10
ITEM_000599,ORD_00239,PROD_023,-3,220.54,15
ITEM_000600,ORD_00239,PROD_047,5,534.37,15
ITEM_000601,ORD_00239,PROD_047,4,582.66,15
ITEM_000602,ORD_00239,PROD_038,4,364.79,5
ITEM_000603,ORD_00240,PROD_034,3,592.18,0
ITEM_000604,ORD_00240,PROD_006,5,18.87,10
ITEM_000605,ORD_00241,PROD_046,2,347.23,5
ITEM_000606,ORD_00241,PROD_025,2,184.34,15
ITEM_000607,ORD_00241,PROD_020,1,503.23,10
ITEM_000608,ORD_00241,PROD_030,4,146.34,0
ITEM_000609,ORD_00242,PROD_041,3,503.03,15
ITEM_000610,ORD_00242,PROD_019,1,259.04,15
ITEM_000611,ORD_00243,PROD_018,1,303.43,0
ITEM_000612,ORD_00243,PROD_038,5,296.08,15
ITEM_000613,ORD_00244,PROD_008,4,233.32,20
ITEM_000614,ORD_00244,PROD_011,1,355.27,5
ITEM_000615,ORD_00244,PROD_045,3,94.27,5
ITEM_000616,ORD_00245,PROD_041,3,548.58,10
ITEM_000617,ORD_00246,PROD_041,3,562.75,20
ITEM_000618,ORD_00247,PROD_039,2,455.29,20
ITEM_000619,ORD_00247,PROD_044,3,482.93,10
ITEM_000620,ORD_00248,PROD_023,1,496.64,0
ITEM_000621,ORD_00248,PROD_024,2,470.6,15
ITEM_000622,ORD_00248,PROD_011,3,74.91,5
ITEM_000623,ORD_00249,PROD_036,2,373.86,20
ITEM_000624,ORD_00249,PROD_045,5,457.44,0
ITEM_000625,ORD_00250,PROD_008,4,494.02,0
ITEM_000626,ORD_00250,PROD_045,4,227.1,15
ITEM_000627,ORD_00250,PROD_022,5,115.74,10
ITEM_000628,ORD_00250,PROD_008,1,145.08,5
ITEM_000629,ORD_00251,PROD_009,3,588.95,15
ITEM_000630,ORD_00251,PROD_050,1,298.29,15
ITEM_000631,ORD_00252,PROD_043,2,315.39,0
ITEM_000632,ORD_00253,PROD_003,1,53.75,0
ITEM_000633,ORD_00253,PROD_039,1,135.16,5
ITEM_000634,ORD_00253,PROD_002,2,68.11,10
ITEM_000635,ORD_00253,PROD_011,5,515.26,20
ITEM_000636,ORD_00254,PROD_007,5,494.46,0
ITEM_000637,ORD_00254,PROD_013,5,579.09,5
ITEM_000638,ORD_00255,PROD_033,1,513.01,15
ITEM_000639,ORD_00256,PROD_044,5,575.28,5
ITEM_000640,ORD_00256,PROD_028,3,140.35,5
ITEM_000641,ORD_00256,PROD_021,4,87.32,0
ITEM_000642,ORD_00257,PROD_046,4,183.64,0
ITEM_000643,ORD_00257,PROD_008,1,240.1,15
ITEM_000644,ORD_00258,PROD_027,4,184.99,15
ITEM_000645,ORD_00258,PROD_031,2,564.36,10
ITEM_000646,ORD_00258,PROD_044,-2,302.61,0
ITEM_000647,ORD_00259,PROD_044,4,64.73,5
ITEM_000648,ORD_00259,PROD_038,4,586.88,5
ITEM_000649,ORD_00259,PROD_013,1,213.1,20
ITEM_000650,ORD_00259,PROD_028,4,439.24,10
ITEM_000651,ORD_00260,PROD_043,4,367.85,15
ITEM_000652,ORD_00260,PROD_010,4,464.28,0
ITEM_000653,ORD_00260,PROD_032,1,150.03,5
ITEM_000654,ORD_00261,PROD_005,1,306.41,0
ITEM_000655,ORD_00262,PROD_021,4,104.35,20
ITEM_000656,ORD_00262,PROD_005,5,401.73,20
ITEM_000657,ORD_00263,PROD_043,4,306.27,20
ITEM_000658,ORD_00263,PROD_035,3,334.77,0
ITEM_000659,ORD_00263,PROD_008,4,239.42,10
ITEM_000660,ORD_00263,PROD_003,4,34.22,20
ITEM_000661,ORD_00264,PROD_009,2,197.79,15
ITEM_000662,ORD_00264,PROD_037,4,409.89,20
ITEM_000663,ORD_00264,PROD_031,5,343.92,5
ITEM_000664,ORD_00265,PROD_038,4,582.96,20
ITEM_000665,ORD_00266,PROD_002,3,360.42,5
ITEM_000666,ORD_00266,PROD_048,3,356.62,10
ITEM_000667,ORD_00266,PROD_023,4,595.29,15
ITEM_000668,ORD_00267,PROD_016,1,152.25,10
ITEM_000669,ORD_00267,PROD_045,5,53.32,10
ITEM_000670,ORD_00267,PROD_002,1,329.97,0
ITEM_000671,ORD_00268,PROD_027,4,170.97,15
ITEM_000672,ORD_00268,PROD_021,-5,235.98,15
ITEM_000673,ORD_00268,PROD_032,3,73.53,5
ITEM_000674,ORD_00268,PROD_049,3,405.42,5
ITEM_000675,ORD_00269,PROD_013,3,305.72,0
ITEM_000676,ORD_00269,PROD_017,5,42.81,20
ITEM_000677,ORD_00269,PROD_040,4,449.59,0
ITEM_000678,ORD_00270,PROD_005,5,346.36,20
ITEM_000679,ORD_00271,PROD_005,4,396.15,10
ITEM_000680,ORD_00271,PROD_028,5,403.12,10
ITEM_000681,ORD_00271,PROD_017,2,380.6,15
ITEM_000682,ORD_00271,PROD_002,5,382.29,20
ITEM_000683,ORD_00272,PROD_043,5,577.84,15
ITEM_000684,ORD_00272,PROD_035,3,488.23,15
ITEM_000685,ORD_00273,PROD_030,5,101.43,5
ITEM_000686,ORD_00274,PROD_005,4,385.85,15
ITEM_000687,ORD_00274,PROD_042,3,108.94,20
ITEM_000688,ORD_00274,PROD_008,2,102.73,0
ITEM_000689,ORD_00275,PROD_036,3,594.91,15
ITEM_000690,ORD_00275,PROD_018,1,94.81,10
ITEM_000691,ORD_00276,PROD_003,5,578.82,15
ITEM_000692,ORD_00276,PROD_006,1,198.63,10
ITEM_000693,ORD_00276,PROD_027,1,539.61,0
ITEM_000694,ORD_00277,PROD_037,2,444.67,0
ITEM_000695,ORD_00277,PROD_038,5,570.56,20
ITEM_000696,ORD_00277,PROD_006,3,154.27,0
ITEM_000697,ORD_00277,PROD_038,3,446.28,5
ITEM_000698,ORD_00278,PROD_012,2,140.25,10
ITEM_000699,ORD_00278,PROD_038,4,47.72,20
ITEM_000700,ORD_00278,PROD_008,3,200.15,15
ITEM_000701,ORD_00278,PROD_018,4,529.47,5
ITEM_000702,ORD_00279,PROD_020,4,27.33,20
ITEM_000703,ORD_00279,PROD_043,1,482.38,0
ITEM_000704,ORD_00279,PROD_025,2,195.92,10
ITEM_000705,ORD_00280,PROD_029,5,242.26,15
ITEM_000706,ORD_00281,PROD_049,3,152.74,5
ITEM_000707,ORD_00281,PROD_041,2,200.55,15
ITEM_000708,ORD_00281,PROD_006,1,496.57,15
ITEM_000709,ORD_00282,PROD_022,4,434.67,0
ITEM_000710,ORD_00282,PROD_033,2,53.82,15
ITEM_000711,ORD_00282,PROD_036,5,446.6,15
ITEM_000712,ORD_00282,PROD_042,1,390.33,15
ITEM_000713,ORD_00283,PROD_041,1,193.75,20
ITEM_000714,ORD_00283,PROD_016,1,317.07,5
ITEM_000715,ORD_00284,PROD_048,3,93.1,5
ITEM_000716,ORD_00284,PROD_019,5,131.22,15
ITEM_000717,ORD_00284,PROD_025,3,567.68,20
ITEM_000718,ORD_00284,PROD_002,-2,555.02,20
ITEM_000719,ORD_00285,PROD_013,1,168.14,5
ITEM_000720,ORD_00285,PROD_028,1,366.23,5
ITEM_000721,ORD_00286,PROD_037,3,83.65,20
ITEM_000722,ORD_00287,PROD_032,4,84.33,5
ITEM_000723,ORD_00287,PROD_018,2,183.46,15
ITEM_000724,ORD_00287,PROD_014,4,366.05,10
ITEM_000725,ORD_00287,PROD_027,2,478.59,0
ITEM_000726,ORD_00288,PROD_029,3,545.79,10
ITEM_000727,ORD_00288,PROD_030,5,65.16,15
ITEM_000728,ORD_00288,PROD_045,2,247.57,5
ITEM_000729,ORD_00289,PROD_017,4,57.74,20
ITEM_000730,ORD_00289,PROD_016,1,290.5,10
ITEM_000731,ORD_00289,PROD_039,5,430.1,0
ITEM_000732,ORD_00289,PROD_040,1,237.85,15
ITEM_000733,ORD_00290,PROD_036,2,39.06,5
ITEM_000734,ORD_00290,PROD_032,3,559.24,15
ITEM_000735,ORD_00290,PROD_046,2,325.3,5
ITEM_000736,ORD_00291,PROD_009,1,307.04,10
ITEM_000737,ORD_00291,PROD_019,3,543.13,10
ITEM_000738,ORD_00291,PROD_017,5,317.43,15
ITEM_000739,ORD_00292,PROD_032,3,461.75,5
ITEM_000740,ORD_00292,PROD_043,5,387.44,15
ITEM_000741,ORD_00293,PROD_015,2,122.14,15
ITEM_000742,ORD_00294,PROD_028,2,82.87,15
ITEM_000743,ORD_00294,PROD_046,1,343.1,15
ITEM_000744,ORD_00294,PROD_047,4,522.12,0
ITEM_000745,ORD_00295,PROD_019,1,120.68,5
ITEM_000746,ORD_00295,PROD_037,5,536.17,20
ITEM_000747,ORD_00295,PROD_001,2,322.72,20
ITEM_000748,ORD_00296,PROD_016,4,464.43,0
ITEM_000749,ORD_00296,PROD_044,-3,589.08,0
ITEM_000750,ORD_00297,PROD_007,3,504.63,5
ITEM_000751,ORD_00297,PROD_046,1,400.83,15
ITEM_000752,ORD_00297,PROD_001,3,207.71,0
ITEM_000753,ORD_00297,PROD_021,5,569.24,20
ITEM_000754,ORD_00298,PROD_042,2,180.53,0
ITEM_000755,ORD_00298,PROD_039,1,238.11,15
ITEM_000756,ORD_00299,PROD_050,2,521.33,0
ITEM_000757,ORD_00299,PROD_011,1,242.27,15
ITEM_000758,ORD_00299,PROD_042,3,105.17,10
ITEM_000759,ORD_00300,PROD_020,4,543.68,20
ITEM_000760,ORD_00300,PROD_007,2,501.75,20
ITEM_000761,ORD_00300,PROD_025,2,293.72,20
ITEM_000762,ORD_00300,PROD_049,5,262.18,10
ITEM_000763,ORD_00301,PROD_006,4,38.66,10
ITEM_000764,ORD_00301,PROD_042,4,416.45,5
ITEM_000765,ORD_00302,PROD_034,5,64.12,15
ITEM_000766,ORD_00302,PROD_031,4,190.73,5
ITEM_000767,ORD_00302,PROD_034,3,265.22,20
ITEM_000768,ORD_00302,PROD_003,1,315.35,20
ITEM_000769,ORD_00303,PROD_043,4,436.38,10
ITEM_000770,ORD_00303,PROD_006,3,464.66,0
ITEM_000771,ORD_00303,PROD_030,1,120.04,5
ITEM_000772,ORD_00303,PROD_027,4,527.9,10
ITEM_000773,ORD_00304,PROD_049,5,407.1,20
ITEM_000774,ORD_00304,PROD_012,3,138.47,0
ITEM_000775,ORD_00304,PROD_044,5,77.2,20
ITEM_000776,ORD_00305,PROD_001,1,115.47,15
ITEM_000777,ORD_00306,PROD_048,4,367.1,15
ITEM_000778,ORD_00306,PROD_040,3,226.03,15
ITEM_000779,ORD_00306,PROD_009,3,23.12,0
ITEM_000780,ORD_00306,PROD_013,1,517.52,5
ITEM_000781,ORD_00307,PROD_028,2,507.62,20
ITEM_000782,ORD_00307,PROD_050,2,286.1,15
ITEM_000783,ORD_00307,PROD_011,-4,542.91,15
ITEM_000784,ORD_00307,PROD_029,4,357.36,5
ITEM_000785,ORD_00308,PROD_026,5,44.79,0
ITEM_000786,ORD_00308,PROD_046,1,267.6,15
ITEM_000787,ORD_00308,PROD_039,4,442.68,10
ITEM_000788,ORD_00309,PROD_033,4,360.76,20
ITEM_000789,ORD_00310,PROD_034,2,26.13,20
ITEM_000790,ORD_00310,PROD_018,3,537.33,15
ITEM_000791,ORD_00310,PROD_040,4,564.29,10
ITEM_000792,ORD_00310,PROD_002,4,109.38,5
ITEM_000793,ORD_00311,PROD_033,3,143.53,10
ITEM_000794,ORD_00311,PROD_046,5,399.32,5
ITEM_000795,ORD_00311,PROD_025,3,576.48,10
ITEM_000796,ORD_00311,PROD_011,4,378.78,10
ITEM_000797,ORD_00312,PROD_013,4,106.44,15
ITEM_000798,ORD_00313,PROD_032,4,192.64,5
ITEM_000799,ORD_00314,PROD_017,1,223.87,5
ITEM_000800,ORD_00315,PROD_005,5,212.57,0
ITEM_000801,ORD_00315,PROD_036,5,146.1,10
ITEM_000802,ORD_00316,PROD_050,3,528.46,10
ITEM_000803,ORD_00316,PROD_033,2,368.51,0
ITEM_000804,ORD_00316,PROD_029,1,482.41,0
ITEM_000805,ORD_00317,PROD_007,5,496.81,0
ITEM_000806,ORD_00318,PROD_014,2,547.93,5
ITEM_000807,ORD_00319,PROD_032,4,443.54,0
ITEM_000808,ORD_00319,PROD_022,2,494.21,0
ITEM_000809,ORD_00319,PROD_027,2,464.99,0
ITEM_000810,ORD_00320,PROD_033,4,115.19,10
ITEM_000811,ORD_00320,PROD_027,3,225.98,5
ITEM_000812,ORD_00321,PROD_015,5,95.73,15
ITEM_000813,ORD_00321,PROD_030,4,571.83,20
ITEM_000814,ORD_00322,PROD_050,1,20.82,20
ITEM_000815,ORD_00322,PROD_021,1,249.97,5
ITEM_000816,ORD_00322,PROD_049,4,36.7,5
ITEM_000817,ORD_00323,PROD_027,5,250.17,20
ITEM_000818,ORD_00324,PROD_001,3,498.8,20
ITEM_000819,ORD_00324,PROD_045,5,251.3,5
ITEM_000820,ORD_00324,PROD_040,5,396.44,10
ITEM_000821,ORD_00325,PROD_006,2,36.63,10
ITEM_000822,ORD_00325,PROD_048,4,529.73,20
ITEM_000823,ORD_00325,PROD_006,5,314.33,10
ITEM_000824,ORD_00325,PROD_041,5,108.62,0
ITEM_000825,ORD_00326,PROD_020,2,440.01,20
ITEM_000826,ORD_00326,PROD_024,1,166.96,20
ITEM_000827,ORD_00326,PROD_049,3,395.81,0
ITEM_000828,ORD_00327,PROD_001,3,280.09,5
ITEM_000829,ORD_00327,PROD_041,5,404.33,20
ITEM_000830,ORD_00327,PROD_019,2,405.15,20
ITEM_000831,ORD_00327,PROD_034,2,446.44,0
ITEM_000832,ORD_00328,PROD_050,5,226.34,0
ITEM_000833,ORD_00328,PROD_027,2,62.94,0
ITEM_000834,ORD_00328,PROD_031,4,140.65,0
ITEM_000835,ORD_00329,PROD_036,5,318.58,15
ITEM_000836,ORD_00329,PROD_041,3,262.7,15
ITEM_000837,ORD_00329,PROD_027,4,496.93,5
ITEM_000838,ORD_00330,PROD_009,4,581.3,20
ITEM_000839,ORD_00330,PROD_014,5,281.43,0
ITEM_000840,ORD_00331,PROD_008,5,366.94,15
ITEM_000841,ORD_00331,PROD_037,1,184.41,20
ITEM_000842,ORD_00332,PROD_024,1,192.41,15
ITEM_000843,ORD_00332,PROD_010,1,473.52,15
ITEM_000844,ORD_00333,PROD_014,3,122.1,15
ITEM_000845,ORD_00334,PROD_005,1,524.2,15
ITEM_000846,ORD_00335,PROD_029,5,541.67,15
ITEM_000847,ORD_00335,PROD_039,4,92.69,5
ITEM_000848,ORD_00335,PROD_049,5,278.21,15
ITEM_000849,ORD_00335,PROD_021,2,67.25,20
ITEM_000850,ORD_00336,PROD_026,4,213.31,0
ITEM_000851,ORD_00336,PROD_042,4,66.79,5
ITEM_000852,ORD_00336,PROD_050,1,428.83,20
ITEM_000853,ORD_00336,PROD_006,1,127.57,20
ITEM_000854,ORD_00337,PROD_049,5,293.36,0
ITEM_000855,ORD_00338,PROD_002,5,175.85,5
ITEM_000856,ORD_00339,PROD_035,5,370.01,15
ITEM_000857,ORD_00339,PROD_002,5,213.87,5
ITEM_000858,ORD_00340,PROD_021,1,238.48,0
ITEM_000859,ORD_00340,PROD_035,1,113.37,5
ITEM_000860,ORD_00340,PROD_006,2,105.22,15
ITEM_000861,ORD_00340,PROD_021,2,121.15,0
ITEM_000862,ORD_00341,PROD_010,4,256.5,10
ITEM_000863,ORD_00341,PROD_008,3,45.35,5
ITEM_000864,ORD_00341,PROD_032,5,312.54,20
ITEM_000865,ORD_00342,PROD_021,1,286.92,15
ITEM_000866,ORD_00342,PROD_027,1,385.62,0
ITEM_000867,ORD_00342,PROD_038,3,409.93,5
ITEM_000868,ORD_00342,PROD_009,5,193.2,15
ITEM_000869,ORD_00343,PROD_033,1,134.02,5
ITEM_000870,ORD_00343,PROD_011,3,472.48,20
ITEM_000871,ORD_00343,PROD_036,4,279.27,0
ITEM_000872,ORD_00343,PROD_040,4,184.21,5
ITEM_000873,ORD_00344,PROD_031,1,174.88,10
ITEM_000874,ORD_00345,PROD_014,3,357.32,20
ITEM_000875,ORD_00345,PROD_048,3,327.44,0
ITEM_000876,ORD_00345,PROD_045,3,86.94,5
ITEM_000877,ORD_00345,PROD_028,5,138.35,20
ITEM_000878,ORD_00346,PROD_049,3,429.04,10
ITEM_000879,ORD_00346,PROD_021,2,214.85,15
ITEM_000880,ORD_00346,PROD_045,5,93.23,0
ITEM_000881,ORD_00347,PROD_044,1,116.52,20
ITEM_000882,ORD_00347,PROD_035,4,62.47,0
ITEM_000883,ORD_00347,PROD_043,5,275.43,0
ITEM_000884,ORD_00347,PROD_025,3,499.07,10
ITEM_000885,ORD_00348,PROD_045,2,590.52,0
ITEM_000886,ORD_00348,PROD_013,4,275.08,5
ITEM_000887,ORD_00348,PROD_044,1,554.02,10
ITEM_000888,ORD_00348,PROD_040,2,380.76,5
ITEM_000889,ORD_00349,PROD_003,4,179.24,20
ITEM_000890,ORD_00349,PROD_041,-2,246.71,10
ITEM_000891,ORD_00350,PROD_043,2,447.21,20
ITEM_000892,ORD_00350,PROD_038,5,90.02,0
ITEM_000893,ORD_00350,PROD_037,2,515.46,20
ITEM_000894,ORD_00350,PROD_044,3,28.52,20
ITEM_000895,ORD_00351,PROD_001,5,563.67,0
ITEM_000896,ORD_00351,PROD_027,3,175.31,20
ITEM_000897,ORD_00351,PROD_034,4,459.03,5
ITEM_000898,ORD_00352,PROD_035,3,277.58,0
ITEM_000899,ORD_00353,PROD_037,2,487.49,5
ITEM_000900,ORD_00353,PROD_016,4,130.17,10
ITEM_000901,ORD_00353,PROD_041,3,71.58,15
ITEM_000902,ORD_00353,PROD_038,4,481.37,10
ITEM_000903,ORD_00354,PROD_016,2,575.9,0
ITEM_000904,ORD_00354,PROD_016,3,566.98,20
ITEM_000905,ORD_00354,PROD_007,5,380.83,20
ITEM_000906,ORD_00355,PROD_003,1,235.78,0
ITEM_000907,ORD_00356,PROD_029,1,47.05,20
ITEM_000908,ORD_00356,PROD_044,4,47.64,0
ITEM_000909,ORD_00357,PROD_040,4,454.9,5
ITEM_000910,ORD_00357,PROD_040,5,21.2,15
ITEM_000911,ORD_00357,PROD_040,4,377.25,10
ITEM_000912,ORD_00358,PROD_038,4,127.6,0
ITEM_000913,ORD_00359,PROD_038,5,476.81,5
ITEM_000914,ORD_00360,PROD_027,5,296.62,20
ITEM_000915,ORD_00360,PROD_009,4,481.26,0
ITEM_000916,ORD_00361,PROD_033,3,576.45,10
ITEM_000917,ORD_00361,PROD_035,3,468.66,5
ITEM_000918,ORD_00362,PROD_019,3,230.77,0
ITEM_000919,ORD_00362,PROD_044,5,99.59,5
ITEM_000920,ORD_00362,PROD_036,5,517.34,15
ITEM_000921,ORD_00362,PROD_013,3,389.72,5
ITEM_000922,ORD_00363,PROD_031,3,421.45,15
ITEM_000923,ORD_00364,PROD_022,5,375.42,15
ITEM_000924,ORD_00364,PROD_030,3,527.52,0
ITEM_000925,ORD_00364,PROD_001,4,388.68,5
ITEM_000926,ORD_00365,PROD_031,5,444.73,10
ITEM_000927,ORD_00365,PROD_012,4,498.26,0
ITEM_000928,ORD_00365,PROD_023,-3,32.56,0
ITEM_000929,ORD_00365,PROD_013,2,384.33,10
ITEM_000930,ORD_00366,PROD_019,1,116.88,10
ITEM_000931,ORD_00367,PROD_016,3,119.45,0
ITEM_000932,ORD_00367,PROD_007,2,27.28,5
ITEM_000933,ORD_00368,PROD_014,1,193.47,5
ITEM_000934,ORD_00368,PROD_043,3,115.25,20
ITEM_000935,ORD_00368,PROD_046,5,53.25,5
ITEM_000936,ORD_00368,PROD_013,2,326.54,10
ITEM_000937,ORD_00369,PROD_041,5,158.06,0
ITEM_000938,ORD_00369,PROD_035,5,187.1,5
ITEM_000939,ORD_00369,PROD_041,3,480.43,5
ITEM_000940,ORD_00370,PROD_031,2,477.73,20
ITEM_000941,ORD_00370,PROD_025,1,454.52,20
ITEM_000942,ORD_00370,PROD_030,3,119.71,10
ITEM_000943,ORD_00370,PROD_046,5,574.11,15
ITEM_000944,ORD_00371,PROD_038,5,395.1,5
ITEM_000945,ORD_00371,PROD_029,2,519.95,15
ITEM_000946,ORD_00371,PROD_025,2,349.25,10
ITEM_000947,ORD_00372,PROD_049,5,64.16,15
ITEM_000948,ORD_00372,PROD_038,5,39.07,20
ITEM_000949,ORD_00372,PROD_029,5,288.52,15
ITEM_000950,ORD_00373,PROD_025,4,29.46,15
ITEM_000951,ORD_00373,PROD_005,2,225.07,0
ITEM_000952,ORD_00373,PROD_033,3,334.79,0
ITEM_000953,ORD_00374,PROD_005,2,225.74,20
ITEM_000954,ORD_00374,PROD_044,2,207.61,10
ITEM_000955,ORD_00374,PROD_039,3,598.83,20
ITEM_000956,ORD_00375,PROD_019,1,496.05,15
ITEM_000957,ORD_00375,PROD_049,4,398.36,15
ITEM_000958,ORD_00375,PROD_010,5,521.3,5
ITEM_000959,ORD_00376,PROD_034,2,358.4,20
ITEM_000960,ORD_00376,PROD_030,4,214.29,0
ITEM_000961,ORD_00377,PROD_045,2,259.35,15
ITEM_000962,ORD_00377,PROD_002,4,234.2,20
ITEM_000963,ORD_00377,PROD_048,2,20.66,10
ITEM_000964,ORD_00378,PROD_044,2,455.29,20
ITEM_000965,ORD_00378,PROD_002,3,347.03,0
ITEM_000966,ORD_00378,PROD_022,2,347.39,20
ITEM_000967,ORD_00379,PROD_026,4,52.27,15
ITEM_000968,ORD_00379,PROD_022,2,348.17,15
ITEM_000969,ORD_00379,PROD_007,3,409.81,5
ITEM_000970,ORD_00379,PROD_039,1,300.84,5
ITEM_000971,ORD_00380,PROD_025,1,181.03,5
ITEM_000972,ORD_00380,PROD_005,3,280.98,10
ITEM_000973,ORD_00381,PROD_027,2,243.8,0
ITEM_000974,ORD_00382,PROD_048,5,55.23,5
ITEM_000975,ORD_00382,PROD_020,2,267.84,15
ITEM_000976,ORD_00383,PROD_020,5,358.68,20
ITEM_000977,ORD_00383,PROD_001,4,594.78,15
ITEM_000978,ORD_00384,PROD_016,4,322.63,20
ITEM_000979,ORD_00385,PROD_003,4,446.32,10
ITEM_000980,ORD_00385,PROD_046,4,478.52,15
ITEM_000981,ORD_00385,PROD_012,5,257.81,5
ITEM_000982,ORD_00385,PROD_030,5,240.03,5
ITEM_000983,ORD_00386,PROD_003,4,155.22,5
ITEM_000984,ORD_00387,PROD_005,5,423.36,5
ITEM_000985,ORD_00387,PROD_049,4,338.4,10
ITEM_000986,ORD_00387,PROD_033,1,463.43,10
ITEM_000987,ORD_00388,PROD_014,4,311.05,15
ITEM_000988,ORD_00388,PROD_045,1,410.24,15
ITEM_000989,ORD_00388,PROD_026,4,515.63,15
ITEM_000990,ORD_00388,PROD_008,-1,429.82,5
ITEM_000991,ORD_00389,PROD_005,4,63.29,5
ITEM_000992,ORD_00389,PROD_018,4,507.31,5
ITEM_000993,ORD_00389,PROD_012,1,187.07,20
ITEM_000994,ORD_00390,PROD_049,2,21.56,10
ITEM_000995,ORD_00390,PROD_012,2,141.75,0
ITEM_000996,ORD_00390,PROD_045,5,42.94,20
ITEM_000997,ORD_00390,PROD_020,1,274.73,20
ITEM_000998,ORD_00391,PROD_050,1,133.02,5
ITEM_000999,ORD_00392,PROD_002,2,261.68,0
ITEM_001000,ORD_00392,PROD_044,3,406.34,5
ITEM_001001,ORD_00392,PROD_043,1,113.21,5
ITEM_001002,ORD_00393,PROD_021,4,203.77,5
ITEM_001003,ORD_00394,PROD_028,5,85.67,5
ITEM_001004,ORD_00394,PROD_012,1,23.77,10
ITEM_001005,ORD_00395,PROD_015,4,53.62,10
ITEM_001006,ORD_00396,PROD_014,1,255.49,20
ITEM_001007,ORD_00396,PROD_007,4,431.83,20
ITEM_001008,ORD_00396,PROD_007,2,365.92,15
ITEM_001009,ORD_00397,PROD_049,3,532.12,10
ITEM_001010,ORD_00397,PROD_002,4,370.99,20
ITEM_001011,ORD_00398,PROD_048,4,150.97,20
ITEM_001012,ORD_00398,PROD_040,1,458.98,0
ITEM_001013,ORD_00398,PROD_028,3,457.99,20
ITEM_001014,ORD_00398,PROD_024,1,306.75,5
ITEM_001015,ORD_00399,PROD_003,4,154.27,20
ITEM_001016,ORD_00399,PROD_022,4,93.55,10
ITEM_001017,ORD_00400,PROD_027,5,394.11,10
ITEM_001018,ORD_00401,PROD_022,2,215.5,5
ITEM_001019,ORD_00402,PROD_045,2,435.91,20
ITEM_001020,ORD_00403,PROD_029,5,383.42,0
ITEM_001021,ORD_00403,PROD_013,4,45.48,5
ITEM_001022,ORD_00403,PROD_012,2,361.69,5
ITEM_001023,ORD_00403,PROD_028,2,439.12,10
ITEM_001024,ORD_00404,PROD_012,2,369.42,10
ITEM_001025,ORD_00404,PROD_041,3,132.82,15
ITEM_001026,ORD_00405,PROD_011,3,290.37,15
ITEM_001027,ORD_00406,PROD_031,2,26.59,15
ITEM_001028,ORD_00406,PROD_049,4,545.28,10
ITEM_001029,ORD_00406,PROD_036,5,440.09,10
ITEM_001030,ORD_00406,PROD_030,4,180.69,20
ITEM_001031,ORD_00407,PROD_046,1,289.52,5
ITEM_001032,ORD_00407,PROD_033,-2,442.27,10
ITEM_001033,ORD_00407,PROD_027,4,565.07,10
ITEM_001034,ORD_00407,PROD_042,4,592.7,0
ITEM_001035,ORD_00408,PROD_008,1,240.12,20
ITEM_001036,ORD_00408,PROD_028,2,574.9,10
ITEM_001037,ORD_00408,PROD_041,5,417.77,0
ITEM_001038,ORD_00408,PROD_048,4,159.37,15
ITEM_001039,ORD_00409,PROD_044,3,31.53,5
ITEM_001040,ORD_00410,PROD_044,5,101.21,5
ITEM_001041,ORD_00410,PROD_043,5,507.29,0
ITEM_001042,ORD_00410,PROD_042,1,431.29,15
ITEM_001043,ORD_00411,PROD_006,5,318.34,5
ITEM_001044,ORD_00411,PROD_028,4,162.93,10
ITEM_001045,ORD_00411,PROD_043,5,533.69,20
ITEM_001046,ORD_00411,PROD_049,3,527.69,0
ITEM_001047,ORD_00412,PROD_023,5,491.32,10
ITEM_001048,ORD_00413,PROD_001,4,592.41,15
ITEM_001049,ORD_00413,PROD_050,1,422.35,20
ITEM_001050,ORD_00414,PROD_011,3,118.19,5
ITEM_001051,ORD_00414,PROD_012,2,309.03,0
ITEM_001052,ORD_00414,PROD_014,4,123.6,0
ITEM_001053,ORD_00414,PROD_013,2,166.72,15
ITEM_001054,ORD_00415,PROD_041,5,112.18,10
ITEM_001055,ORD_00415,PROD_018,1,52.59,0
ITEM_001056,ORD_00415,PROD_032,5,408.59,0
ITEM_001057,ORD_00415,PROD_049,1,573.8,20
ITEM_001058,ORD_00416,PROD_001,1,234.76,20
ITEM_001059,ORD_00417,PROD_022,4,368.56,10
ITEM_001060,ORD_00417,PROD_022,3,599.68,5
ITEM_001061,ORD_00417,PROD_025,3,372.32,10
ITEM_001062,ORD_00418,PROD_045,-1,250.06,5
ITEM_001063,ORD_00418,PROD_034,1,178.49,5
ITEM_001064,ORD_00418,PROD_044,3,400.44,15
ITEM_001065,ORD_00419,PROD_041,-2,575.17,10
ITEM_001066,ORD_00419,PROD_003,1,582.21,10
ITEM_001067,ORD_00419,PROD_032,4,249.1,20
ITEM_001068,ORD_00419,PROD_031,1,592.32,0
ITEM_001069,ORD_00420,PROD_046,3,98.75,20
ITEM_001070,ORD_00420,PROD_046,5,310.21,5
ITEM_001071,ORD_00420,PROD_020,4,501.93,20
ITEM_001072,ORD_00420,PROD_029,4,573.7,15
ITEM_001073,ORD_00421,PROD_049,2,567.36,0
ITEM_001074,ORD_00421,PROD_046,1,32.09,10
ITEM_001075,ORD_00422,PROD_017,3,404.57,0
ITEM_001076,ORD_00422,PROD_041,2,439.37,0
ITEM_001077,ORD_00422,PROD_037,3,463.31,20
ITEM_001078,ORD_00422,PROD_025,1,547.45,15
ITEM_001079,ORD_00423,PROD_008,2,185.22,0
ITEM_001080,ORD_00423,PROD_038,1,563.27,0
ITEM_001081,ORD_00423,PROD_021,5,573.13,20
ITEM_001082,ORD_00423,PROD_038,1,328.33,15
ITEM_001083,ORD_00424,PROD_044,3,561.35,5
ITEM_001084,ORD_00424,PROD_038,5,144.95,15
ITEM_001085,ORD_00424,PROD_030,1,199.82,10
ITEM_001086,ORD_00424,PROD_030,2,101.24,10
ITEM_001087,ORD_00425,PROD_020,1,308.89,0
ITEM_001088,ORD_00425,PROD_046,3,350.77,5
ITEM_001089,ORD_00426,PROD_025,3,49.41,10
ITEM_001090,ORD_00426,PROD_014,2,511.12,5
ITEM_001091,ORD_00426,PROD_050,1,119.73,15
ITEM_001092,ORD_00426,PROD_043,4,548.74,5
ITEM_001093,ORD_00427,PROD_028,5,411.57,10
ITEM_001094,ORD_00428,PROD_047,4,180.58,5
ITEM_001095,ORD_00428,PROD_009,5,204.2,20
ITEM_001096,ORD_00428,PROD_046,1,192.88,5
ITEM_001097,ORD_00428,PROD_045,5,297.23,5
ITEM_001098,ORD_00429,PROD_013,2,445.16,0
ITEM_001099,ORD_00429,PROD_037,3,74.64,5
ITEM_001100,ORD_00430,PROD_011,4,556.7,0
ITEM_001101,ORD_00430,PROD_012,3,567.86,0
ITEM_001102,ORD_00430,PROD_038,5,268.79,5
ITEM_001103,ORD_00430,PROD_008,4,155.9,15
ITEM_001104,ORD_00431,PROD_042,5,450.94,0
ITEM_001105,ORD_00431,PROD_042,4,238.53,15
ITEM_001106,ORD_00431,PROD_008,-3,63.34,15
ITEM_001107,ORD_00432,PROD_037,1,295.51,0
ITEM_001108,ORD_00432,PROD_031,5,599.97,15
ITEM_001109,ORD_00433,PROD_021,5,52.15,20
ITEM_001110,ORD_00433,PROD_045,2,26.55,20
ITEM_001111,ORD_00433,PROD_034,5,300.81,20
ITEM_001112,ORD_00434,PROD_008,2,120.69,20
ITEM_001113,ORD_00435,PROD_021,1,86.98,5
ITEM_001114,ORD_00435,PROD_011,5,66.38,10
ITEM_001115,ORD_00436,PROD_033,1,189.67,20
ITEM_001116,ORD_00437,PROD_043,4,15.05,10
ITEM_001117,ORD_00437,PROD_034,1,544.2,10
ITEM_001118,ORD_00438,PROD_045,2,198.07,10
ITEM_001119,ORD_00438,PROD_014,5,417.44,0
ITEM_001120,ORD_00438,PROD_010,2,190.33,5
ITEM_001121,ORD_00438,PROD_014,2,361.19,10
ITEM_001122,ORD_00439,PROD_036,5,164.16,15
ITEM_001123,ORD_00439,PROD_006,2,567.67,15
ITEM_001124,ORD_00440,PROD_041,5,443.61,5
ITEM_001125,ORD_00440,PROD_042,3,495.0,20
ITEM_001126,ORD_00441,PROD_021,4,595.58,15
ITEM_001127,ORD_00441,PROD_039,-4,159.79,10
ITEM_001128,ORD_00442,PROD_036,5,252.97,10
ITEM_001129,ORD_00443,PROD_050,3,174.85,5
ITEM_001130,ORD_00444,PROD_015,1,236.5,0
ITEM_001131,ORD_00444,PROD_047,1,527.17,20
ITEM_001132,ORD_00444,PROD_023,4,424.77,10
ITEM_001133,ORD_00445,PROD_004,5,114.89,15
ITEM_001134,ORD_00445,PROD_048,2,411.52,20
ITEM_001135,ORD_00445,PROD_026,5,293.96,5
ITEM_001136,ORD_00446,PROD_046,1,105.96,5
ITEM_001137,ORD_00446,PROD_048,2,171.41,10
ITEM_001138,ORD_00446,PROD_027,2,428.47,5
ITEM_001139,ORD_00447,PROD_033,3,182.79,15
ITEM_001140,ORD_00447,PROD_015,5,193.53,0
ITEM_001141,ORD_00447,PROD_021,3,509.47,0
ITEM_001142,ORD_00447,PROD_006,1,111.59,0
ITEM_001143,ORD_00448,PROD_032,3,487.88,0
ITEM_001144,ORD_00449,PROD_009,5,295.6,20
ITEM_001145,ORD_00449,PROD_026,5,23.13,5
ITEM_001146,ORD_00449,PROD_045,1,327.58,10
ITEM_001147,ORD_00449,PROD_043,2,571.26,20
ITEM_001148,ORD_00450,PROD_011,5,409.6,20
ITEM_001149,ORD_00451,PROD_009,2,315.51,0
ITEM_001150,ORD_00451,PROD_011,4,233.37,0
ITEM_001151,ORD_00452,PROD_050,2,516.82,10
ITEM_001152,ORD_00452,PROD_017,3,139.64,20
ITEM_001153,ORD_00452,PROD_020,4,558.53,20
ITEM_001154,ORD_00453,PROD_032,4,48.64,0
ITEM_001155,ORD_00454,PROD_007,3,18.02,5
ITEM_001156,ORD_00454,PROD_007,4,267.02,5
ITEM_001157,ORD_00454,PROD_010,1,255.27,15
ITEM_001158,ORD_00454,PROD_043,1,161.33,15
ITEM_001159,ORD_00455,PROD_028,3,536.93,20
ITEM_001160,ORD_00455,PROD_029,3,398.92,15
ITEM_001161,ORD_00455,PROD_048,2,268.87,10
ITEM_001162,ORD_00455,PROD_019,2,38.55,15
ITEM_001163,ORD_00456,PROD_011,3,404.73,15
ITEM_001164,ORD_00456,PROD_032,3,336.82,5
ITEM_001165,ORD_00456,PROD_050,3,530.83,20
ITEM_001166,ORD_00456,PROD_007,4,478.74,5
ITEM_001167,ORD_00457,PROD_050,3,415.4,0
ITEM_001168,ORD_00457,PROD_039,3,446.4,15
ITEM_001169,ORD_00458,PROD_006,3,460.13,5
ITEM_001170,ORD_00458,PROD_033,5,124.31,10
ITEM_001171,ORD_00458,PROD_045,1,159.7,15
ITEM_001172,ORD_00458,PROD_007,2,425.17,20
ITEM_001173,ORD_00459,PROD_038,2,382.91,5
ITEM_001174,ORD_00459,PROD_026,2,37.44,5
ITEM_001175,ORD_00460,PROD_013,-4,68.2,0
ITEM_001176,ORD_00460,PROD_020,4,424.59,5
ITEM_001177,ORD_00461,PROD_004,3,313.27,0
ITEM_001178,ORD_00461,PROD_024,3,179.13,10
ITEM_001179,ORD_00462,PROD_004,2,121.32,0
ITEM_001180,ORD_00462,PROD_021,1,139.01,15
ITEM_001181,ORD_00462,PROD_007,3,267.08,10
ITEM_001182,ORD_00462,PROD_020,4,80.24,0
ITEM_001183,ORD_00463,PROD_024,3,449.62,20
ITEM_001184,ORD_00463,PROD_016,5,395.4,5
ITEM_001185,ORD_00464,PROD_009,1,383.29,20
ITEM_001186,ORD_00464,PROD_042,1,493.18,5
ITEM_001187,ORD_00464,PROD_005,4,565.96,20
ITEM_001188,ORD_00464,PROD_031,3,593.94,5
ITEM_001189,ORD_00465,PROD_027,1,337.04,10
ITEM_001190,ORD_00465,PROD_024,5,277.36,0
ITEM_001191,ORD_00466,PROD_034,1,559.83,20
ITEM_001192,ORD_00466,PROD_018,1,422.57,5
ITEM_001193,ORD_00466,PROD_037,3,50.56,5
ITEM_001194,ORD_00466,PROD_035,4,524.1,0
ITEM_001195,ORD_00467,PROD_025,4,344.06,15
ITEM_001196,ORD_00467,PROD_014,4,122.68,5
ITEM_001197,ORD_00468,PROD_033,5,281.43,20
ITEM_001198,ORD_00468,PROD_015,3,188.37,10
ITEM_001199,ORD_00469,PROD_035,2,154.36,0
ITEM_001200,ORD_00470,PROD_018,3,525.93,0
ITEM_001201,ORD_00470,PROD_014,2,327.74,0
ITEM_001202,ORD_00471,PROD_021,5,63.7,20
ITEM_001203,ORD_00471,PROD_027,3,540.53,10
ITEM_001204,ORD_00471,PROD_041,3,492.31,10
ITEM_001205,ORD_00472,PROD_002,3,329.37,20
ITEM_001206,ORD_00472,PROD_045,1,238.46,10
ITEM_001207,ORD_00473,PROD_018,4,134.29,15
ITEM_001208,ORD_00473,PROD_047,2,439.88,10
ITEM_001209,ORD_00474,PROD_012,4,283.74,5
ITEM_001210,ORD_00474,PROD_047,2,120.54,10
ITEM_001211,ORD_00475,PROD_012,3,493.24,20
ITEM_001212,ORD_00476,PROD_028,1,158.47,15
ITEM_001213,ORD_00476,PROD_009,1,440.16,0
ITEM_001214,ORD_00477,PROD_008,4,498.54,0
ITEM_001215,ORD_00478,PROD_018,2,98.44,20
ITEM_001216,ORD_00478,PROD_001,1,575.21,0
ITEM_001217,ORD_00479,PROD_031,1,459.41,15
ITEM_001218,ORD_00479,PROD_031,2,105.39,0
ITEM_001219,ORD_00479,PROD_041,5,333.01,0
ITEM_001220,ORD_00480,PROD_007,1,314.25,15
ITEM_001221,ORD_00481,PROD_002,1,147.6,15
ITEM_001222,ORD_00481,PROD_019,2,147.14,15
ITEM_001223,ORD_00482,PROD_008,4,146.35,10
ITEM_001224,ORD_00483,PROD_008,1,225.89,0
ITEM_001225,ORD_00483,PROD_012,1,265.75,10
ITEM_001226,ORD_00483,PROD_028,5,102.88,10
ITEM_001227,ORD_00484,PROD_018,3,551.0,10
ITEM_001228,ORD_00484,PROD_046,3,482.23,0
ITEM_001229,ORD_00484,PROD_010,2,202.35,15
ITEM_001230,ORD_00485,PROD_008,4,353.04,10
ITEM_001231,ORD_00485,PROD_009,2,121.4,15
ITEM_001232,ORD_00485,PROD_028,3,296.55,15
ITEM_001233,ORD_00485,PROD_022,5,95.86,5
ITEM_001234,ORD_00486,PROD_035,4,327.26,20
ITEM_001235,ORD_00486,PROD_025,5,63.92,15
ITEM_001236,ORD_00486,PROD_045,5,489.61,5
ITEM_001237,ORD_00486,PROD_001,1,133.92,0
ITEM_001238,ORD_00487,PROD_009,5,553.73,0
ITEM_001239,ORD_00487,PROD_050,3,494.12,10
ITEM_001240,ORD_00487,PROD_036,4,583.51,15
ITEM_001241,ORD_00488,PROD_004,2,451.99,0
ITEM_001242,ORD_00488,PROD_002,2,422.23,15
ITEM_001243,ORD_00489,PROD_043,1,355.24,15
ITEM_001244,ORD_00489,PROD_002,5,100.93,5
ITEM_001245,ORD_00489,PROD_001,1,347.97,15
ITEM_001246,ORD_00490,PROD_009,2,452.64,10
ITEM_001247,ORD_00490,PROD_022,4,274.72,0
ITEM_001248,ORD_00491,PROD_042,1,33.79,5
ITEM_001249,ORD_00491,PROD_026,5,502.12,15
ITEM_001250,ORD_00491,PROD_017,5,552.7,20
ITEM_001251,ORD_00492,PROD_011,2,174.02,0
ITEM_001252,ORD_00492,PROD_009,5,449.73,15
ITEM_001253,ORD_00492,PROD_026,5,122.46,20
ITEM_001254,ORD_00493,PROD_042,4,390.51,15
ITEM_001255,ORD_00494,PROD_042,1,263.17,10
ITEM_001256,ORD_00494,PROD_024,1,367.87,10
ITEM_001257,ORD_00495,PROD_035,2,77.28,5
ITEM_001258,ORD_00496,PROD_013,3,388.46,0
ITEM_001259,ORD_00497,PROD_037,3,345.41,20
ITEM_001260,ORD_00497,PROD_021,4,69.53,10
ITEM_001261,ORD_00498,PROD_026,3,307.63,10
ITEM_001262,ORD_00499,PROD_045,3,409.69,10
ITEM_001263,ORD_00499,PROD_033,4,74.09,5
ITEM_001264,ORD_00499,PROD_025,1,294.02,0
ITEM_001265,ORD_00499,PROD_044,3,285.92,0
ITEM_001266,ORD_00500,PROD_042,2,97.4,5
ITEM_001267,ORD_00500,PROD_047,5,371.11,20
ITEM_001268,ORD_00501,PROD_022,4,185.14,20
ITEM_001269,ORD_00501,PROD_046,4,467.89,15
ITEM_001270,ORD_00501,PROD_040,2,370.02,5
ITEM_001271,ORD_00502,PROD_010,1,463.3,10
ITEM_001272,ORD_00502,PROD_006,5,306.86,15
ITEM_001273,ORD_00502,PROD_019,3,109.46,10
ITEM_001274,ORD_00502,PROD_006,5,56.61,15
ITEM_001275,ORD_00503,PROD_049,4,527.84,5
ITEM_001276,ORD_00503,PROD_032,1,38.16,10
ITEM_001277,ORD_00503,PROD_040,4,551.53,5
ITEM_001278,ORD_00504,PROD_040,3,571.95,10
ITEM_001279,ORD_00504,PROD_033,1,278.3,0
ITEM_001280,ORD_00504,PROD_004,5,448.51,5
ITEM_001281,ORD_00504,PROD_007,-5,185.04,5
ITEM_001282,ORD_00505,PROD_030,1,406.45,10
ITEM_001283,ORD_00505,PROD_035,4,541.57,15
ITEM_001284,ORD_00505,PROD_047,1,78.38,15
ITEM_001285,ORD_00505,PROD_022,4,52.72,10
ITEM_001286,ORD_00506,PROD_031,2,81.88,15
ITEM_001287,ORD_00506,PROD_031,1,100.13,5
ITEM_001288,ORD_00506,PROD_039,3,467.91,0
ITEM_001289,ORD_00506,PROD_031,3,139.85,5
ITEM_001290,ORD_00507,PROD_041,4,118.02,5
ITEM_001291,ORD_00508,PROD_020,3,526.16,15
ITEM_001292,ORD_00509,PROD_017,5,122.69,0
ITEM_001293,ORD_00509,PROD_028,1,215.08,10
ITEM_001294,ORD_00509,PROD_027,2,296.75,20
ITEM_001295,ORD_00509,PROD_028,2,222.5,20
ITEM_001296,ORD_00510,PROD_039,1,131.16,20
ITEM_001297,ORD_00510,PROD_043,5,592.03,10
ITEM_001298,ORD_00510,PROD_030,1,561.28,15
ITEM_001299,ORD_00510,PROD_044,3,252.74,20
ITEM_001300,ORD_00511,PROD_009,4,386.06,20
ITEM_001301,ORD_00512,PROD_013,1,260.8,20
ITEM_001302,ORD_00513,PROD_023,5,137.71,5
ITEM_001303,ORD_00513,PROD_024,5,491.06,0
ITEM_001304,ORD_00514,PROD_008,3,424.1,15
ITEM_001305,ORD_00514,PROD_023,4,499.49,15
ITEM_001306,ORD_00514,PROD_022,5,81.33,5
ITEM_001307,ORD_00515,PROD_036,4,363.01,20
ITEM_001308,ORD_00515,PROD_043,4,417.8,15
ITEM_001309,ORD_00515,PROD_007,3,597.29,0
ITEM_001310,ORD_00515,PROD_040,1,560.51,0
ITEM_001311,ORD_00516,PROD_007,5,385.61,20
ITEM_001312,ORD_00516,PROD_043,5,184.59,15
ITEM_001313,ORD_00516,PROD_030,2,337.68,0
ITEM_001314,ORD_00516,PROD_008,2,220.11,15
ITEM_001315,ORD_00517,PROD_024,-4,472.58,20
ITEM_001316,ORD_00517,PROD_043,3,169.73,15
ITEM_001317,ORD_00517,PROD_027,-2,34.11,0
ITEM_001318,ORD_00517,PROD_034,2,494.72,20
ITEM_001319,ORD_00518,PROD_037,3,595.81,5
ITEM_001320,ORD_00518,PROD_013,5,375.52,15
ITEM_001321,ORD_00518,PROD_037,1,266.02,15
ITEM_001322,ORD_00519,PROD_034,4,107.69,5
ITEM_001323,ORD_00519,PROD_009,1,309.99,20
ITEM_001324,ORD_00520,PROD_011,3,569.99,5
ITEM_001325,ORD_00520,PROD_028,1,21.75,20
ITEM_001326,ORD_00520,PROD_046,-2,333.05,0
ITEM_001327,ORD_00520,PROD_048,5,444.49,15
ITEM_001328,ORD_00521,PROD_015,2,188.7,20
ITEM_001329,ORD_00521,PROD_025,2,465.68,0
ITEM_001330,ORD_00521,PROD_010,3,382.05,20
ITEM_001331,ORD_00522,PROD_039,1,86.77,5
ITEM_001332,ORD_00523,PROD_006,3,60.27,10
ITEM_001333,ORD_00523,PROD_032,2,480.33,15
ITEM_001334,ORD_00523,PROD_041,1,59.64,15
ITEM_001335,ORD_00524,PROD_029,3,488.0,5
ITEM_001336,ORD_00524,PROD_012,-3,400.9,20
ITEM_001337,ORD_00524,PROD_022,1,596.34,15
ITEM_001338,ORD_00524,PROD_001,5,107.66,10
ITEM_001339,ORD_00525,PROD_035,2,28.48,20
ITEM_001340,ORD_00526,PROD_008,2,540.66,0
ITEM_001341,ORD_00526,PROD_006,3,440.73,5
ITEM_001342,ORD_00527,PROD_006,3,218.9,20
ITEM_001343,ORD_00527,PROD_032,3,270.1,15
ITEM_001344,ORD_00527,PROD_013,2,416.93,10
ITEM_001345,ORD_00528,PROD_050,1,358.73,5
ITEM_001346,ORD_00528,PROD_032,2,268.58,15
ITEM_001347,ORD_00528,PROD_018,4,492.3,20
ITEM_001348,ORD_00528,PROD_028,1,131.84,10
ITEM_001349,ORD_00529,PROD_003,1,575.49,10
ITEM_001350,ORD_00529,PROD_039,5,498.61,20
ITEM_001351,ORD_00529,PROD_008,3,120.24,10
ITEM_001352,ORD_00530,PROD_005,2,140.88,10
ITEM_001353,ORD_00530,PROD_021,3,86.55,10
ITEM_001354,ORD_00530,PROD_014,1,287.25,10
ITEM_001355,ORD_00530,PROD_025,2,180.91,5
ITEM_001356,ORD_00531,PROD_046,1,370.62,0
ITEM_001357,ORD_00531,PROD_027,5,414.05,15
ITEM_001358,ORD_00532,PROD_004,3,484.59,15
ITEM_001359,ORD_00532,PROD_027,1,84.77,15
ITEM_001360,ORD_00532,PROD_038,2,238.97,20
ITEM_001361,ORD_00533,PROD_037,-3,592.95,15
ITEM_001362,ORD_00534,PROD_026,2,36.65,20
ITEM_001363,ORD_00534,PROD_042,5,24.52,15
ITEM_001364,ORD_00534,PROD_027,1,438.1,10
ITEM_001365,ORD_00535,PROD_036,3,468.15,15
ITEM_001366,ORD_00535,PROD_020,5,422.43,15
ITEM_001367,ORD_00535,PROD_008,4,508.2,20
ITEM_001368,ORD_00536,PROD_001,1,96.16,10
ITEM_001369,ORD_00537,PROD_013,2,438.6,10
ITEM_001370,ORD_00537,PROD_045,5,522.79,10
ITEM_001371,ORD_00537,PROD_020,1,58.9,10
ITEM_001372,ORD_00537,PROD_025,5,172.9,5
ITEM_001373,ORD_00538,PROD_009,5,201.81,5
ITEM_001374,ORD_00538,PROD_027,5,387.59,0
ITEM_001375,ORD_00539,PROD_032,5,586.16,10
ITEM_001376,ORD_00539,PROD_017,4,463.23,0
ITEM_001377,ORD_00540,PROD_016,5,400.8,5
ITEM_001378,ORD_00540,PROD_032,1,50.26,0
ITEM_001379,ORD_00540,PROD_025,2,124.93,0
ITEM_001380,ORD_00541,PROD_049,2,323.67,10
ITEM_001381,ORD_00541,PROD_042,3,105.09,20
ITEM_001382,ORD_00541,PROD_015,1,551.27,15
ITEM_001383,ORD_00542,PROD_050,5,249.12,0
ITEM_001384,ORD_00542,PROD_044,3,194.68,20
ITEM_001385,ORD_00542,PROD_007,1,450.84,5
ITEM_001386,ORD_00542,PROD_012,1,171.05,15
ITEM_001387,ORD_00543,PROD_036,3,64.18,15
ITEM_001388,ORD_00543,PROD_033,2,267.05,10
ITEM_001389,ORD_00543,PROD_024,1,72.22,15
ITEM_001390,ORD_00543,PROD_013,4,250.57,20
ITEM_001391,ORD_00544,PROD_034,5,268.64,0
ITEM_001392,ORD_00544,PROD_015,2,82.38,0
ITEM_001393,ORD_00544,PROD_005,5,326.3,10
ITEM_001394,ORD_00545,PROD_026,5,244.27,0
ITEM_001395,ORD_00545,PROD_045,2,171.94,5
ITEM_001396,ORD_00546,PROD_019,2,427.92,10
ITEM_001397,ORD_00546,PROD_033,1,546.05,20
ITEM_001398,ORD_00547,PROD_045,3,154.59,10
ITEM_001399,ORD_00547,PROD_022,1,541.42,5
ITEM_001400,ORD_00547,PROD_028,1,210.42,5
ITEM_001401,ORD_00547,PROD_011,3,412.33,0
ITEM_001402,ORD_00548,PROD_032,4,525.83,15
ITEM_001403,ORD_00548,PROD_002,1,346.85,10
ITEM_001404,ORD_00548,PROD_011,2,456.67,0
ITEM_001405,ORD_00549,PROD_022,3,279.78,10
ITEM_001406,ORD_00550,PROD_030,4,22.93,10
ITEM_001407,ORD_00550,PROD_034,3,468.1,20
ITEM_001408,ORD_00550,PROD_044,4,318.8,0
ITEM_001409,ORD_00551,PROD_043,4,596.54,10
ITEM_001410,ORD_00551,PROD_037,4,448.49,15
ITEM_001411,ORD_00552,PROD_013,2,553.58,15
ITEM_001412,ORD_00552,PROD_041,1,412.1,15
ITEM_001413,ORD_00552,PROD_044,5,219.07,10
ITEM_001414,ORD_00553,PROD_018,5,195.95,0
ITEM_001415,ORD_00553,PROD_022,5,502.99,0
ITEM_001416,ORD_00553,PROD_037,4,581.37,10
ITEM_001417,ORD_00553,PROD_001,3,306.87,5
ITEM_001418,ORD_00554,PROD_019,2,379.92,5
ITEM_001419,ORD_00554,PROD_005,3,482.87,0
ITEM_001420,ORD_00554,PROD_019,4,497.9,0
ITEM_001421,ORD_00554,PROD_001,1,266.74,0
ITEM_001422,ORD_00555,PROD_019,3,474.38,20
ITEM_001423,ORD_00556,PROD_010,1,597.61,5
ITEM_001424,ORD_00556,PROD_006,4,185.12,0
ITEM_001425,ORD_00557,PROD_044,3,387.67,15
ITEM_001426,ORD_00557,PROD_007,4,537.42,10
ITEM_001427,ORD_00557,PROD_037,5,269.95,10
ITEM_001428,ORD_00557,PROD_050,5,131.71,5
ITEM_001429,ORD_00558,PROD_020,5,65.07,20
ITEM_001430,ORD_00558,PROD_025,4,472.71,15
ITEM_001431,ORD_00558,PROD_029,1,421.07,20
ITEM_001432,ORD_00558,PROD_028,3,287.93,15
ITEM_001433,ORD_00559,PROD_002,1,575.13,15
ITEM_001434,ORD_00559,PROD_040,1,545.51,5
ITEM_001435,ORD_00559,PROD_009,5,378.22,20
ITEM_001436,ORD_00559,PROD_026,3,88.67,0
ITEM_001437,ORD_00560,PROD_004,5,64.53,10
ITEM_001438,ORD_00560,PROD_007,1,495.83,20
ITEM_001439,ORD_00560,PROD_004,4,86.04,20
ITEM_001440,ORD_00560,PROD_004,5,425.42,20
ITEM_001441,ORD_00561,PROD_032,5,94.8,5
ITEM_001442,ORD_00561,PROD_047,3,593.66,0
ITEM_001443,ORD_00562,PROD_008,5,54.28,5
ITEM_001444,ORD_00562,PROD_034,5,71.67,5
ITEM_001445,ORD_00562,PROD_033,1,274.63,0
ITEM_001446,ORD_00562,PROD_031,1,589.88,5
ITEM_001447,ORD_00563,PROD_043,5,376.04,15
ITEM_001448,ORD_00563,PROD_012,2,97.89,5
ITEM_001449,ORD_00563,PROD_045,2,334.81,15
ITEM_001450,ORD_00564,PROD_007,3,576.07,15
ITEM_001451,ORD_00564,PROD_026,3,240.71,0
ITEM_001452,ORD_00564,PROD_028,4,101.68,10
ITEM_001453,ORD_00564,PROD_025,4,21.45,10
ITEM_001454,ORD_00565,PROD_023,5,578.24,15
ITEM_001455,ORD_00566,PROD_011,-3,224.28,20
ITEM_001456,ORD_00566,PROD_046,2,322.16,20
ITEM_001457,ORD_00566,PROD_010,1,220.84,20
ITEM_001458,ORD_00566,PROD_009,3,177.83,10
ITEM_001459,ORD_00567,PROD_042,1,297.99,15
ITEM_001460,ORD_00567,PROD_037,5,429.47,20
ITEM_001461,ORD_00567,PROD_045,5,204.58,20
ITEM_001462,ORD_00567,PROD_026,3,54.53,0
ITEM_001463,ORD_00568,PROD_007,2,307.17,15
ITEM_001464,ORD_00568,PROD_050,3,488.0,5
ITEM_001465,ORD_00569,PROD_025,2,457.15,15
ITEM_001466,ORD_00570,PROD_008,1,36.89,0
ITEM_001467,ORD_00571,PROD_002,3,555.28,10
ITEM_001468,ORD_00571,PROD_025,1,92.93,20
ITEM_001469,ORD_00571,PROD_017,5,302.3,10
ITEM_001470,ORD_00571,PROD_011,2,268.93,20
ITEM_001471,ORD_00572,PROD_041,1,576.5,0
ITEM_001472,ORD_00572,PROD_009,2,537.58,10
ITEM_001473,ORD_00573,PROD_005,5,214.32,20
ITEM_001474,ORD_00573,PROD_014,4,348.67,15
ITEM_001475,ORD_00573,PROD_040,5,541.36,5
ITEM_001476,ORD_00573,PROD_041,1,235.03,0
ITEM_001477,ORD_00574,PROD_020,2,74.03,15
ITEM_001478,ORD_00575,PROD_022,1,28.19,10
ITEM_001479,ORD_00575,PROD_023,3,54.75,5
ITEM_001480,ORD_00576,PROD_016,1,514.12,20
ITEM_001481,ORD_00576,PROD_040,5,48.14,0
ITEM_001482,ORD_00576,PROD_017,5,397.14,0
ITEM_001483,ORD_00577,PROD_022,4,534.5,0
ITEM_001484,ORD_00577,PROD_047,2,207.82,0
ITEM_001485,ORD_00577,PROD_037,2,544.03,0
ITEM_001486,ORD_00578,PROD_039,1,447.48,0
ITEM_001487,ORD_00578,PROD_009,5,173.25,0
ITEM_001488,ORD_00578,PROD_033,1,146.77,10
ITEM_001489,ORD_00579,PROD_015,4,27.54,0
ITEM_001490,ORD_00579,PROD_013,1,327.5,15
ITEM_001491,ORD_00579,PROD_004,1,241.47,15
ITEM_001492,ORD_00579,PROD_028,2,336.48,0
ITEM_001493,ORD_00580,PROD_024,1,220.8,10
ITEM_001494,ORD_00580,PROD_016,4,150.74,20
ITEM_001495,ORD_00580,PROD_048,1,455.25,20
ITEM_001496,ORD_00580,PROD_001,5,525.85,5
ITEM_001497,ORD_00581,PROD_029,1,120.65,0
ITEM_001498,ORD_00582,PROD_016,3,598.88,5
ITEM_001499,ORD_00582,PROD_043,5,86.59,0
ITEM_001500,ORD_00582,PROD_035,1,135.43,10
ITEM_001501,ORD_00583,PROD_024,4,471.42,10
ITEM_001502,ORD_00583,PROD_018,2,201.53,20
ITEM_001503,ORD_00584,PROD_027,1,427.72,20
ITEM_001504,ORD_00585,PROD_009,3,507.23,20
ITEM_001505,ORD_00585,PROD_036,2,138.3,10
ITEM_001506,ORD_00585,PROD_016,2,423.53,15
ITEM_001507,ORD_00585,PROD_003,-1,173.12,20
ITEM_001508,ORD_00586,PROD_006,3,49.94,20
ITEM_001509,ORD_00586,PROD_025,4,240.03,0
ITEM_001510,ORD_00586,PROD_012,2,401.06,20
ITEM_001511,ORD_00586,PROD_003,1,331.81,10
ITEM_001512,ORD_00587,PROD_022,5,554.78,10
ITEM_001513,ORD_00588,PROD_040,1,268.93,15
ITEM_001514,ORD_00588,PROD_036,1,242.04,10
ITEM_001515,ORD_00589,PROD_037,4,464.87,10
ITEM_001516,ORD_00589,PROD_030,2,451.2,5
ITEM_001517,ORD_00589,PROD_018,2,482.76,10
ITEM_001518,ORD_00589,PROD_050,1,332.54,10
ITEM_001519,ORD_00590,PROD_024,1,172.22,10
ITEM_001520,ORD_00590,PROD_020,-5,347.54,10
ITEM_001521,ORD_00590,PROD_029,3,285.69,15
ITEM_001522,ORD_00590,PROD_023,1,295.92,20
ITEM_001523,ORD_00591,PROD_006,4,176.72,20
ITEM_001524,ORD_00591,PROD_005,5,272.66,10
ITEM_001525,ORD_00592,PROD_009,3,148.04,5
ITEM_001526,ORD_00592,PROD_042,2,44.0,0
ITEM_001527,ORD_00592,PROD_033,1,518.43,20
ITEM_001528,ORD_00593,PROD_015,1,50.58,10
ITEM_001529,ORD_00593,PROD_023,-3,331.16,0
ITEM_001530,ORD_00593,PROD_007,5,60.33,15
ITEM_001531,ORD_00594,PROD_014,5,205.59,10
ITEM_001532,ORD_00595,PROD_019,1,98.7,10
ITEM_001533,ORD_00595,PROD_022,5,585.43,10
ITEM_001534,ORD_00595,PROD_019,4,378.82,5
ITEM_001535,ORD_00595,PROD_010,3,548.45,0
ITEM_001536,ORD_00596,PROD_021,5,313.82,20
ITEM_001537,ORD_00597,PROD_038,2,34.07,5
ITEM_001538,ORD_00597,PROD_042,4,60.89,0
ITEM_001539,ORD_00597,PROD_037,2,383.74,15
ITEM_001540,ORD_00598,PROD_039,5,291.31,20
ITEM_001541,ORD_00599,PROD_037,3,186.44,5
ITEM_001542,ORD_00599,PROD_050,3,586.82,5
ITEM_001543,ORD_00599,PROD_008,4,420.45,15
ITEM_001544,ORD_00599,PROD_023,4,342.87,0
ITEM_001545,ORD_00600,PROD_029,4,474.99,5
ITEM_001546,ORD_00600,PROD_009,5,556.54,5
ITEM_001547,ORD_00600,PROD_043,4,95.81,10
